{
    "n_items": 25,
    "gamma": 9,
    "budget": 158.1326956532088,
    "profits": [
        89.73502495203368,
        68.5245785901989,
        69.1563278424855,
        62.68832112316645,
        88.2753531727511,
        72.1388549720053,
        56.32378278495477,
        94.76445475904205,
        73.87762081484472,
        98.15700856521056,
        98.90442124761992,
        54.96607857239394,
        44.13070795503599,
        71.33096551498406,
        98.82422791328295,
        83.42862296524353,
        51.912208639575994,
        87.69598297708194,
        85.18928904952656,
        91.74671061258215,
        76.42554851076122,
        46.38061368524606,
        41.0927935110563,
        56.45236414936724,
        61.986877533643955
    ],
    "costs": [
        [
            37.660451282897576,
            71.55485743750539
        ],
        [
            5.8155802620259545,
            11.049602497849312
        ],
        [
            8.709921137268367,
            11.322897478448878
        ],
        [
            16.40898082784527,
            31.17706357290601
        ],
        [
            43.28435596315047,
            82.24027632998589
        ],
        [
            4.346579065179497,
            5.650552784733346
        ],
        [
            2.902608757347132,
            4.644174011755411
        ],
        [
            5.2324160895683525,
            6.802140916438859
        ],
        [
            33.947913955222376,
            64.5010365149225
        ],
        [
            35.85518935352704,
            68.12485977170137
        ],
        [
            28.789428210960544,
            37.426256674248705
        ],
        [
            38.338479767058374,
            72.84311155741091
        ],
        [
            47.260570263056266,
            61.43874134197315
        ],
        [
            43.67825092490477,
            56.781726202376205
        ],
        [
            2.215412386825961,
            2.8800361028737496
        ],
        [
            19.457219883943417,
            25.294385849126442
        ],
        [
            35.86444967351342,
            46.62378457556745
        ],
        [
            42.81668102514179,
            81.35169394776939
        ],
        [
            7.5576344027204225,
            14.359505365168802
        ],
        [
            48.37955266572194,
            91.92115006487168
        ],
        [
            47.249001085306446,
            75.59840173649032
        ],
        [
            7.6271504133266665,
            14.491585785320666
        ],
        [
            9.359639767462165,
            12.167531697700815
        ],
        [
            48.13836605970013,
            62.57987587761018
        ],
        [
            11.634949389160834,
            22.106403839405584
        ]
    ],
    "polynomial_gains": {
        "(9, 20)": 6.816886409873748,
        "(0, 20)": 10.634447260142977,
        "(20, 17)": 20.180643677758997,
        "(11, 3)": 32.35971005330939,
        "(7, 0)": 13.649038116200794,
        "(20, 14)": 5.22682952065324,
        "(4, 7)": 44.298378768330736,
        "(19, 18)": 15.693666633270322,
        "(21, 9)": 38.66149895718708,
        "(11, 20)": 40.341409962066294,
        "(6, 1)": 39.14500940901159,
        "(2, 8)": 19.81475185368682,
        "(5, 13)": 17.593413600490326,
        "(12, 7)": 6.164030403884928,
        "(15, 22)": 45.87845040568342,
        "(10, 17)": 35.975666010209714,
        "(16, 17)": 8.59910898554014,
        "(4, 6)": 41.24438899202544,
        "(13, 23)": 28.895306315971602,
        "(2, 7)": 17.793709980158688,
        "(16, 15)": 47.42973301468446,
        "(22, 0)": 17.957224755162294,
        "(10, 19)": 36.56785634548056,
        "(20, 1)": 30.424185605828033,
        "(5, 22)": 39.76484315297571,
        "(4, 8, 2)": 16.11076329521986,
        "(13, 17, 1)": 5.471079873568485,
        "(15, 16, 19)": 27.528827477237606,
        "(1, 23, 8)": 23.15946567705305,
        "(8, 1, 22)": 17.99552579830313,
        "(1, 4, 18)": 9.346768833752703,
        "(3, 18, 12)": 16.381504942529652,
        "(11, 23, 13)": 3.023192501127377,
        "(6, 21, 0)": 11.522576978829855,
        "(13, 6, 19)": 30.55206490280451,
        "(8, 2, 16)": 25.74663148694126,
        "(22, 11, 4)": 17.741018233891637,
        "(11, 0, 4, 9)": 11.572018382025714,
        "(22, 19, 21, 7)": 13.696802164409792,
        "(0, 22, 11, 4)": 14.29990288304946,
        "(23, 7, 16, 8)": 12.576854701029127,
        "(10, 21, 20, 15)": 5.569612215102666,
        "(14, 13, 18, 20)": 10.921441192238479,
        "(23, 14, 7, 3)": 17.129053049594617,
        "(0, 4, 21, 5)": 11.131930751817016,
        "(17, 13, 7, 8, 12)": 8.657173973491497,
        "(23, 17, 24, 20, 16)": 2.2157121929736547,
        "(11, 12, 24, 13, 4)": 12.370071977299725,
        "(16, 6, 2, 24, 5)": 13.040266354618142,
        "(12, 10, 16, 20, 1)": 2.815085947912192,
        "(4, 2, 19, 11, 5)": 11.64178312344971,
        "(16, 7, 2, 12, 21, 4)": 8.470432173949746,
        "(9, 6, 16, 22, 20, 10)": 1.186295658323492,
        "(1, 0, 6, 24, 21, 10)": 12.824406984270874,
        "(20, 1, 16, 23, 0, 18)": 12.010414261173883,
        "(7, 1, 4, 16, 10, 8)": 2.0604484366346942,
        "(1, 0, 9, 22, 13, 23, 16)": 11.652286250882923,
        "(15, 11, 19, 5, 3, 22, 4)": 12.099504513482701,
        "(5, 6, 17, 8, 3, 7, 13)": 6.58119674771074,
        "(10, 7, 24, 21, 6, 13, 19)": 4.401621535051026,
        "(22, 10, 8, 13, 17, 15, 3, 7)": 5.472418002537294,
        "(6, 4, 17, 3, 20, 14, 9, 19)": 5.6100718322552785,
        "(22, 3, 20, 24, 13, 4, 2, 10)": 2.9122601049527512,
        "(23, 1, 10, 20, 22, 17, 13, 21, 2)": 8.358136591385492,
        "(24, 12, 5, 15, 8, 20, 3, 22, 2)": 7.740791778441999,
        "(0, 18, 17, 21, 1, 14, 13, 24, 11)": 5.8304044772506325,
        "(20, 9, 13, 23, 22, 6, 0, 5, 8, 4)": 3.04431726619724,
        "(4, 15, 11, 14, 10, 22, 20, 7, 3, 24)": 8.719554920372182,
        "(10, 3, 18, 16, 6, 5, 9, 0, 13, 1, 11)": 5.732863282387605,
        "(4, 10, 23, 8, 7, 2, 22, 20, 16, 15, 5)": 4.980139219087404,
        "(8, 19, 15, 9, 17, 6, 2, 21, 20, 11, 24, 16)": 5.247032066497922,
        "(0, 7, 20, 9, 15, 8, 12, 24, 17, 5, 2, 23)": 5.483945748571963,
        "(24, 6, 23, 13, 20, 21, 12, 11, 17, 1, 3, 14, 8)": 6.298444469961384,
        "(9, 6, 20, 21, 24, 3, 17, 19, 0, 23, 8, 22, 4)": 6.622947016366949,
        "(23, 22, 16, 1, 0, 5, 6, 3, 7, 8, 19, 20, 13, 2)": 3.3840635328013398,
        "(10, 0, 16, 18, 12, 17, 24, 11, 2, 1, 15, 19, 3, 9, 22)": 5.8359973910707375,
        "(6, 9, 4, 3, 2, 20, 12, 11, 8, 16, 10, 5, 24, 15, 7, 17)": 5.243412755422809,
        "(8, 21, 11, 13, 23, 20, 10, 22, 14, 1, 9, 7, 4, 5, 16, 18, 3)": 5.8426300347239915,
        "(8, 4, 9, 19, 3, 13, 1, 18, 23, 11, 20, 17, 12, 15, 7, 14, 16, 21)": 1.4050661496210188,
        "(9, 12, 13, 2, 10, 22, 8, 15, 19, 23, 4, 11, 3, 17, 21, 6, 18, 7, 1)": 2.5261930903163723,
        "(8, 12, 15, 11, 6, 9, 18, 3, 22, 24, 13, 19, 4, 7, 1, 16, 21, 5, 10, 2)": 3.894514707463186,
        "(9, 1, 6, 17, 22, 7, 8, 2, 15, 13, 5, 24, 18, 12, 0, 4, 23, 3, 10, 20, 11)": 2.3173127001193743,
        "(20, 17, 10, 3, 4, 18, 5, 19, 8, 9, 16, 14, 13, 12, 15, 7, 6, 21, 23, 0, 22, 1)": 4.221928260000665,
        "(1, 22, 15, 5, 7, 11, 8, 9, 3, 10, 14, 16, 19, 23, 12, 17, 18, 24, 13, 0, 2, 21, 20)": 1.902473821486446,
        "(9, 16, 18, 7, 5, 4, 20, 24, 6, 17, 22, 2, 15, 3, 19, 14, 13, 1, 0, 21, 11, 23, 10, 8)": 1.4421439950633315
    }
}