{
    "n_items": 27,
    "gamma": 13,
    "budget": 350.28615788370627,
    "profits": [
        58.439199106478654,
        43.565180516939684,
        51.89897736188739,
        54.257596343683765,
        53.764984339624306,
        53.10256176393369,
        48.37053868608939,
        68.70632207541271,
        79.55922979104989,
        56.685968875171454,
        65.07054470496314,
        72.18902416507282,
        71.16050296082727,
        42.818185196013175,
        64.60490459433156,
        53.987672691485386,
        86.68780121660441,
        49.911311912900544,
        99.05088130890886,
        89.94427541014356,
        60.989902788269816,
        96.69172518930151,
        60.48883894179532,
        49.866736200834374,
        95.91758334836592,
        40.19880316539141,
        45.179987870887935
    ],
    "costs": [
        [
            8.90355701746105,
            11.574624122699365
        ],
        [
            47.16093527904154,
            75.45749644646646
        ],
        [
            29.456938106104868,
            55.96818240159924
        ],
        [
            25.25128761380674,
            40.402060182090786
        ],
        [
            39.77878700136479,
            51.71242310177423
        ],
        [
            31.77799728237285,
            50.84479565179657
        ],
        [
            21.248192177622443,
            33.99710748419591
        ],
        [
            42.17045533596565,
            80.12386513833472
        ],
        [
            22.523806039239954,
            36.038089662783925
        ],
        [
            12.216699989206745,
            23.211729979492816
        ],
        [
            19.085491773415434,
            30.536786837464696
        ],
        [
            40.163208242000465,
            64.26113318720074
        ],
        [
            14.395566872384595,
            23.032906995815353
        ],
        [
            11.380185502622277,
            14.794241153408962
        ],
        [
            43.84475704059347,
            83.30503837712759
        ],
        [
            3.9761868896193295,
            7.554755090276726
        ],
        [
            24.275754319557876,
            46.123933207159965
        ],
        [
            40.7188986593321,
            65.15023785493136
        ],
        [
            22.870784701473642,
            43.45449093279992
        ],
        [
            4.897017062893616,
            7.835227300629786
        ],
        [
            20.5868277323838,
            32.93892437181408
        ],
        [
            31.50149363531074,
            40.951941725903964
        ],
        [
            42.96751448235603,
            81.63827751647645
        ],
        [
            37.03498284948703,
            70.36646741402535
        ],
        [
            3.457754998425653,
            5.5324079974810445
        ],
        [
            24.258581825889465,
            46.09130546918998
        ],
        [
            34.66865333748042,
            45.069249338724546
        ]
    ],
    "polynomial_gains": {
        "(16, 1)": 14.614704081097187,
        "(3, 14)": 7.384356212592163,
        "(0, 23)": 17.69779065966837,
        "(2, 15)": 32.21730838014933,
        "(9, 26)": 13.779663321619635,
        "(7, 21)": 28.063836803996672,
        "(22, 24)": 37.60401817018987,
        "(9, 4)": 12.143258830564212,
        "(21, 7)": 43.59022969824606,
        "(23, 8)": 20.079506571294793,
        "(23, 21)": 26.508723392925372,
        "(4, 1)": 42.58828919974307,
        "(8, 19)": 43.671388111476844,
        "(25, 9)": 37.19161578893074,
        "(5, 22)": 38.873940117388486,
        "(19, 1)": 41.13811723989989,
        "(26, 12)": 17.605008122753297,
        "(9, 21)": 37.5606187492805,
        "(9, 25)": 3.977608052612695,
        "(4, 5)": 12.041241858314065,
        "(26, 25)": 14.631299904289826,
        "(26, 10)": 19.625417492769145,
        "(17, 2)": 8.768411537245152,
        "(17, 12)": 5.233713310765936,
        "(2, 6)": 21.68948617970981,
        "(4, 8)": 35.48280372389934,
        "(24, 2)": 39.2936252651471,
        "(24, 1, 6)": 26.579770497673067,
        "(7, 3, 13)": 24.406087290901148,
        "(8, 19, 9)": 22.931624013070177,
        "(20, 3, 2)": 7.366730947503774,
        "(12, 7, 3)": 15.070354571304767,
        "(10, 17, 6)": 7.694847822534571,
        "(4, 22, 23)": 30.130183803543908,
        "(1, 5, 19)": 2.8090940753458593,
        "(19, 12, 15)": 14.579797003055573,
        "(18, 17, 9)": 9.543934754470222,
        "(19, 14, 23)": 17.651079068078456,
        "(13, 18, 21)": 13.06919941048373,
        "(6, 18, 20)": 21.96431241718807,
        "(6, 23, 22, 8)": 6.413148995202818,
        "(11, 22, 7, 25)": 20.873193328143117,
        "(21, 10, 2, 23)": 4.909664787615172,
        "(0, 9, 4, 20)": 14.492021217549468,
        "(5, 19, 16, 1)": 13.710754537746906,
        "(25, 4, 7, 15)": 18.57968886292631,
        "(7, 5, 8, 19)": 15.963625381851758,
        "(12, 11, 22, 17)": 3.2501622590577925,
        "(9, 1, 21, 4)": 18.68727012464133,
        "(18, 1, 21, 13, 2)": 10.880328127829658,
        "(21, 2, 16, 3, 10)": 2.914803494310468,
        "(4, 6, 16, 24, 14)": 18.695293995822755,
        "(14, 26, 4, 0, 6)": 10.797681131857242,
        "(6, 11, 1, 20, 12)": 15.647151094862426,
        "(11, 16, 8, 24, 19)": 10.577312366834816,
        "(9, 10, 18, 2, 16, 19)": 15.627834772968985,
        "(17, 6, 18, 4, 25, 15)": 5.892409573221668,
        "(14, 3, 0, 11, 22, 16)": 12.464655681117227,
        "(8, 11, 6, 19, 26, 24)": 14.101694837427422,
        "(25, 23, 0, 21, 24, 19)": 13.495633498124779,
        "(17, 19, 5, 24, 2, 11, 23)": 3.2908722434889666,
        "(4, 25, 21, 20, 16, 0, 5)": 12.642240035610623,
        "(19, 1, 12, 20, 13, 17, 25)": 11.593480881553429,
        "(24, 12, 7, 1, 25, 21, 20)": 12.947791829261233,
        "(26, 9, 13, 8, 2, 14, 23, 10)": 12.113791777272729,
        "(20, 5, 4, 11, 18, 23, 12, 9)": 2.7890461096127765,
        "(4, 21, 16, 11, 14, 3, 6, 19)": 1.9196198800611848,
        "(11, 24, 12, 19, 5, 14, 4, 15, 1)": 4.092457495029972,
        "(5, 2, 20, 7, 23, 3, 25, 19, 8)": 4.948827408522581,
        "(8, 21, 11, 12, 25, 0, 6, 10, 24)": 8.904468971495843,
        "(25, 0, 11, 13, 14, 20, 22, 15, 26, 7)": 8.477557237742136,
        "(21, 0, 7, 26, 22, 17, 13, 15, 2, 16)": 5.757228545801764,
        "(16, 12, 25, 3, 10, 13, 21, 0, 19, 18)": 8.102064535670683,
        "(5, 2, 12, 6, 1, 15, 14, 3, 7, 25, 11)": 4.964936869227262,
        "(13, 14, 6, 24, 26, 25, 21, 1, 20, 16, 19)": 3.3584691107632727,
        "(9, 2, 21, 18, 26, 4, 1, 6, 15, 20, 22, 3)": 3.1695385627947052,
        "(10, 20, 14, 5, 23, 4, 22, 18, 26, 1, 12, 2)": 3.459390046327252,
        "(12, 14, 26, 9, 23, 1, 10, 3, 15, 8, 16, 18, 2)": 3.826278704932266,
        "(25, 10, 4, 14, 19, 23, 1, 17, 3, 22, 7, 2, 9)": 2.9028256597039346,
        "(19, 9, 3, 15, 21, 17, 10, 4, 6, 20, 26, 2, 13, 8)": 4.100887035114771,
        "(20, 9, 8, 0, 4, 2, 3, 19, 10, 6, 14, 11, 24, 13)": 5.037181234189081,