{
    "n_items": 28,
    "gamma": 17,
    "budget": 236.3478301567669,
    "profits": [
        60.28410780623609,
        53.02576820951666,
        76.27425650953523,
        78.06692933066805,
        80.28286651027308,
        96.98794190920844,
        99.02841026707617,
        50.2091059695978,
        42.96634347645893,
        63.12658474343849,
        43.786472001254076,
        84.96086214060193,
        93.8681234343027,
        65.95493214019649,
        41.303398890578386,
        51.63739842678973,
        52.04501062847875,
        57.0629813668041,
        65.23027067392492,
        52.123816138095286,
        80.64322632323588,
        92.4951704287605,
        44.33174174253366,
        64.44113345381196,
        54.41946773551573,
        45.566880908572145,
        91.40358524063268,
        43.99239688022242
    ],
    "costs": [
        [
            16.325724058127385,
            31.01887571044203
        ],
        [
            44.50214123344957,
            71.20342597351932
        ],
        [
            6.697305809342097,
            10.715689294947357
        ],
        [
            9.93855976116952,
            18.883263546222086
        ],
        [
            17.082694959925668,
            27.33231193588107
        ],
        [
            9.857763631892418,
            18.729750900595594
        ],
        [
            39.254574646326795,
            62.807319434122874
        ],
        [
            35.89970025686149,
            46.66961033391994
        ],
        [
            17.16721234935568,
            32.61770346377579
        ],
        [
            11.619216429195145,
            15.104981357953688
        ],
        [
            47.04165704962636,
            75.26665127940218
        ],
        [
            34.13536147157273,
            44.37596991304455
        ],
        [
            19.7341489817743,
            31.574638370838883
        ],
        [
            22.716336961755303,
            29.531238050281896
        ],
        [
            46.55495601045312,
            60.521442813589054
        ],
        [
            49.04030255392309,
            78.46448408627695
        ],
        [
            7.752368895840371,
            14.729500902096705
        ],
        [
            27.737130175569018,
            36.05826922823972
        ],
        [
            28.037828385746252,
            36.44917690147013
        ],
        [
            38.86350309415466,
            50.52255402240106
        ],
        [
            19.613138964934112,
            25.497080654414347
        ],
        [
            8.600113021004285,
            13.760180833606857
        ],
        [
            25.959075637896042,
            49.322243712002475
        ],
        [
            37.53474829748725,
            60.0555972759796
        ],
        [
            18.132313379470343,
            34.45139542099365
        ],
        [
            10.629709731553598,
            13.818622651019679
        ],
        [
            20.343524294748082,
            26.44658158317251
        ],
        [
            38.27238042714594,
            61.235808683433504
        ]
    ],
    "polynomial_gains": {
        "(17, 27)": 13.565984085603034,
        "(16, 5)": 6.4443946570481145,
        "(25, 15)": 47.28017112623246,
        "(26, 10)": 21.328051133024932,
        "(25, 4)": 5.32481332693703,
        "(17, 4)": 1.9149149665273624,
        "(13, 11)": 2.104297437499024,
        "(14, 16)": 43.32146033824696,
        "(3, 4)": 44.98171816857553,
        "(5, 6)": 43.627474197095,
        "(23, 6)": 5.426237714943735,
        "(12, 15)": 38.05266110115886,
        "(3, 11)": 33.676490521981684,
        "(22, 25)": 39.704098023081315,
        "(15, 25)": 18.62808540295172,
        "(20, 8)": 36.63219311617631,
        "(4, 27)": 48.17997896391982,
        "(8, 13)": 27.78395751873737,
        "(24, 2)": 4.465643869089867,
        "(18, 19)": 41.22187489043751,
        "(22, 6)": 30.85280525479956,
        "(0, 21)": 18.703300573800696,
        "(12, 19)": 4.405789398799955,
        "(25, 9)": 22.73473119782106,
        "(12, 26)": 29.25273168648551,
        "(25, 20)": 18.01112163285078,
        "(19, 8)": 33.35244323135472,
        "(6, 7, 10)": 1.8354891188157532,
        "(13, 12, 21)": 4.28359281784853,
        "(24, 6, 15)": 22.93111399753101,
        "(11, 16, 6)": 13.621449328967552,
        "(27, 26, 22)": 21.26134127270171,
        "(4, 23, 11)": 12.55730855363167,
        "(10, 5, 26)": 1.5955928299404487,
        "(17, 3, 1)": 12.511440775819306,
        "(9, 10, 7)": 22.85163357584286,
        "(17, 25, 14)": 12.95057972681342,
        "(0, 13, 12)": 12.88079953296894,
        "(14, 21, 12)": 7.097879512146374,
        "(26, 2, 27)": 22.14382838657014,
        "(12, 20, 19)": 28.458369115154397,
        "(4, 10, 23, 18)": 9.525487161512562,
        "(16, 26, 11, 22)": 3.6450522252133677,
        "(2, 0, 14, 13)": 15.126435562214802,
        "(13, 24, 15, 0)": 7.856321880034913,
        "(2, 8, 22, 4)": 8.828549818339823,
        "(7, 2, 4, 25)": 21.516405467364976,
        "(17, 26, 12, 23)": 4.83293814336716,
        "(17, 15, 7, 26)": 18.418493322841496,
        "(2, 3, 6, 0)": 3.570568620582387,
        "(12, 0, 11, 24, 18)": 18.260837075469976,
        "(23, 21, 1, 14, 25)": 7.623538193012272,
        "(3, 16, 23, 22, 26)": 12.281264645225868,
        "(15, 5, 8, 1, 6)": 11.080425101024707,
        "(21, 5, 2, 24, 11)": 4.601511569009755,
        "(2, 13, 5, 11, 10)": 8.366777492455503,
        "(11, 1, 9, 10, 8)": 13.906581229502825,
        "(14, 0, 5, 16, 1, 26)": 10.80877013655274,
        "(3, 25, 0, 14, 18, 19)": 10.903571110116815,
        "(18, 0, 14, 2, 9, 22)": 10.435545263712202,
        "(18, 8, 13, 22, 5, 7)": 1.0237881810589786,
        "(21, 22, 3, 15, 25, 4)": 7.539648760484188,
        "(7, 8, 19, 11, 10, 14, 12)": 8.545727470458642,
        "(22, 6, 5, 26, 8, 3, 4)": 1.005217047325261,
        "(5, 22, 10, 0, 26, 6, 17)": 4.8775880517215695,
        "(1, 25, 5, 13, 16, 14, 21)": 9.68027903643144,
        "(17, 8, 14, 16, 2, 21, 9, 1)": 10.105102136054033,
        "(8, 10, 9, 25, 7, 20, 17, 12)": 6.195446639397855,
        "(8, 10, 19, 11, 9, 1, 24, 17)": 7.160335309525633,
        "(0, 20, 13, 5, 15, 25, 7, 3)": 9.099771975824293,
        "(0, 21, 26, 22, 3, 8, 27, 5, 20)": 4.143278531870809,
        "(9, 12, 21, 0, 6, 2, 14, 4, 13)": 3.6858628456512506,
        "(27, 2, 11, 4, 13, 5, 3, 10, 6)": 9.995695010734309,
        "(23, 19, 21, 6, 4, 5, 15, 16, 25, 14)": 3.4951434222488236,
        "(9, 14, 20, 7, 23, 1, 21, 8, 22, 3)": 3.464542080714922,
        "(2, 11, 6, 22, 24, 13, 7, 26, 4, 16)": 9.552116897867345,
        "(9, 12, 16, 17, 6, 24, 19, 7, 2, 3, 10)": 8.842631059739581,
        "(22, 6, 9, 17, 8, 11, 24, 25, 15, 16, 5)": 1.3673201753406237,
        "(23, 5, 0, 22, 11, 17, 14, 24, 13, 16, 27, 18)": 5.512510037879387,
        "(12, 4, 13, 2, 26, 21, 6, 8, 22, 15, 24, 1)": 3.471977795915217,
        "(22, 13, 7, 25, 0, 5, 6, 21, 27, 24, 19, 26, 15)": 6.028309648066653,
        "(2, 9, 20, 13, 16, 21, 0, 7, 12, 11, 25, 14, 26)": 3.5952815452985654,
        "(4, 18, 15, 6, 11, 17, 3, 0, 22, 12, 24, 14, 16, 21)": 5.0405622541545005,
        "(21, 25, 12, 26, 14, 11, 19, 2, 13, 3, 4, 17, 20, 27)": 4.286078536392918,
        "(8, 0, 17, 18, 26, 1, 22, 11, 15, 10, 2, 6, 3, 5, 24)": 5.002490803024054,
        "(10, 13, 9, 7, 26, 3, 20, 14, 12, 16, 8, 17, 21, 27, 23)": 1.9578886836867344,