{
    "n_items": 32,
    "gamma": 11,
    "budget": 359.9227069811799,
    "profits": [
        58.42415091884183,
        72.16714724178468,
        40.11531947474345,
        59.317867878710146,
        90.54270408105029,
        53.233500258840884,
        93.90737269371066,
        70.21756584156992,
        52.91836468927383,
        61.35650811281915,
        67.00464008467887,
        96.92920788449939,
        64.64080590187098,
        64.9620377679416,
        76.33892309295581,
        97.83341530598244,
        82.42522686385176,
        63.86713217954612,
        97.84634027939018,
        43.941829814231646,
        82.64936518983146,
        60.697222788708416,
        58.165866780356765,
        79.05723374009602,
        65.21013280170725,
        77.40455671741543,
        82.41724513076136,
        79.90307604156504,
        52.381853145835294,
        83.13998902148373,
        99.90271458937355,
        92.49921476145649
    ],
    "costs": [
        [
            14.603377642379078,
            18.9843909350928
        ],
        [
            28.350411391871972,
            45.360658226995156
        ],
        [
            10.544670571888645,
            13.708071743455239
        ],
        [
            11.676309877792779,
            22.184988767806278
        ],
        [
            31.501829976819447,
            40.952378969865286
        ],
        [
            37.571953847864044,
            60.11512615658248
        ],
        [
            38.70430495846965,
            61.92688793355144
        ],
        [
            38.146233368630014,
            49.59010337921902
        ],
        [
            26.38643906426061,
            34.3023707835388
        ],
        [
            11.618244395958257,
            15.103717714745734
        ],
        [
            3.4819299651588356,
            4.526508954706486
        ],
        [
            20.896388766213352,
            33.43422202594137
        ],
        [
            38.08707285529449,
            49.51319471188283
        ],
        [
            48.67684548497666,
            63.27989913046966
        ],
        [
            33.87482841690901,
            54.19972546705442
        ],
        [
            8.320907492283013,
            10.817179739967917
        ],
        [
            19.988930301886796,
            25.985609392452837
        ],
        [
            2.705526353061325,
            3.5171842589797224
        ],
        [
            9.868042052875952,
            12.828454668738738
        ],
        [
            30.13442129780951,
            48.21507407649522
        ],
        [
            34.39284719756081,
            55.0285555160973
        ],
        [
            4.64427844522748,
            7.430845512363968
        ],
        [
            47.15738583286702,
            89.59903308244733
        ],
        [
            21.597925908369895,
            34.55668145339183
        ],
        [
            21.49598830669242,
            34.39358129070788
        ],
        [
            6.720442377486708,
            8.736575090732721
        ],
        [
            1.3532121412917166,
            1.7591757836792317
        ],
        [
            9.612651083637004,
            15.380241733819208
        ],
        [
            25.698868536464218,
            41.11818965834275
        ],
        [
            43.17833452685561,
            82.03883560102565
        ],
        [
            16.979814731526183,
            22.07375915098404
        ],
        [
            21.874996791977363,
            34.999994867163785
        ]
    ],
    "polynomial_gains": {
        "(16, 3)": 20.160370761854825,
        "(25, 29)": 3.4419157925683126,
        "(28, 11)": 11.589092935497817,
        "(16, 12)": 48.18347841176889,
        "(31, 9)": 1.4408214783414093,
        "(31, 19)": 15.941938658796346,
        "(27, 30)": 38.06239380214439,
        "(30, 10)": 31.53752241914742,
        "(16, 25)": 5.7820408168676405,
        "(11, 21)": 27.536735689183963,
        "(0, 12)": 3.7025565761888934,
        "(1, 0)": 7.1492515916680315,
        "(26, 30)": 25.3850668487787,
        "(3, 31)": 34.89039099766015,
        "(0, 7)": 30.402283298346447,
        "(20, 12)": 42.42923266828787,
        "(20, 13)": 39.8275358830793,
        "(17, 16)": 49.305995480163425,
        "(5, 24)": 16.11678522215015,
        "(19, 24)": 49.97529333647472,
        "(14, 18)": 16.158680570499882,
        "(15, 12)": 24.821869502494497,
        "(16, 14)": 30.08433323382763,
        "(20, 15)": 41.23248660046783,
        "(9, 20)": 3.845227584507135,
        "(0, 20)": 18.73434601949626,
        "(9, 26)": 33.76299795987791,
        "(18, 14)": 20.505739727372,
        "(10, 25)": 1.8749579096544662,
        "(18, 16)": 45.944296326168406,
        "(15, 6)": 38.910087879526564,
        "(12, 1)": 24.62570296377923,
        "(11, 26, 20)": 9.289446022157563,
        "(16, 25, 13)": 25.999049504105876,
        "(6, 5, 15)": 15.4444259429163,
        "(9, 5, 0)": 33.2603976498906,
        "(20, 15, 6)": 9.821299885471575,
        "(17, 14, 3)": 5.1090528490208635,
        "(4, 17, 7)": 29.439676725534408,
        "(13, 22, 25)": 4.567483046330877,
        "(1, 11, 28)": 26.88825725048478,
        "(20, 15, 10)": 25.98748726309164,
        "(21, 22, 16)": 12.418422137661063,
        "(0, 7, 30)": 32.05608607116204,
        "(5, 4, 15)": 2.7513581666432834,
        "(19, 23, 28)": 32.15844064247063,
        "(28, 26, 18)": 7.731741892013161,
        "(15, 8, 26)": 1.40001376662121,
        "(24, 19, 0, 15)": 1.7435820810286673,
        "(0, 19, 24, 3)": 14.53742243530607,
        "(15, 13, 8, 5)": 12.60118419276025,
        "(15, 10, 7, 25)": 5.5521857265876555,
        "(20, 11, 15, 4)": 19.058538544275862,
        "(23, 15, 26, 27)": 24.54383217857596,
        "(7, 18, 2, 5)": 4.072071125311046,
        "(28, 7, 12, 16)": 6.312461012232057,
        "(27, 4, 16, 25)": 24.348558345275528,
        "(5, 23, 9, 8)": 18.774898546175024,
        "(5, 24, 28, 16, 21)": 17.672123204481313,
        "(27, 8, 20, 16, 31)": 13.836222583788205,
        "(26, 18, 20, 10, 0)": 9.00299261715723,
        "(22, 28, 1, 5, 26)": 6.577015334882766,
        "(1, 8, 29, 10, 21)": 12.592396841351892,
        "(16, 29, 9, 6, 10)": 13.033485340869227,
        "(11, 10, 7, 31, 18)": 18.738339332475913,
        "(21, 7, 5, 13, 23)": 4.549827604826089,
        "(12, 2, 3, 29, 11, 1)": 1.8707884485015356,
        "(30, 23, 22, 13, 18, 6)": 12.529404102767023,
        "(22, 3, 19, 24, 11, 7)": 15.36077600033565,
        "(7, 20, 10, 23, 8, 31)": 6.259327311926134,
        "(3, 21, 6, 20, 31, 14)": 11.688170179300851,
        "(16, 27, 23, 13, 2, 28)": 5.5728150320604675,
        "(14, 23, 4, 7, 30, 25, 13)": 4.243693956111798,
        "(14, 21, 3, 7, 27, 25, 10)": 9.146267982233448,
        "(8, 22, 17, 15, 18, 2, 0)": 7.7723681595914265,
        "(20, 16, 30, 9, 6, 17, 11)": 8.504374875445581,
        "(15, 30, 21, 5, 28, 26, 29)": 1.2018826270561154,
        "(7, 9, 15, 11, 31, 19, 4, 6)": 8.333087042551679,
        "(10, 5, 12, 22, 25, 14, 13, 9)": 1.730693574115655,
        "(28, 6, 17, 31, 5, 2, 16, 8)": 7.367732073775692,
        "(26, 1, 10, 8, 25, 15, 27, 22)": 11.48107839120977,
        "(6, 3, 21, 25, 16, 23, 28, 24, 19)": 3.197972062979777,
        "(2, 9, 6, 30, 31, 11, 27, 17, 8)": 6.04149766087588,
        "(7, 3, 28, 4, 2, 30, 24, 26, 21)": 9.172221273242629,
        "(28, 2, 21, 26, 24, 22, 4, 14, 20)": 5.883882723226205,
        "(21, 8, 5, 19, 27, 16, 17, 18, 23, 24)": 9.92053682542941,
        "(10, 12, 17, 11, 6, 8, 25, 4, 26, 24)": 9.63812026878071,
        "(26, 30, 25, 4, 1, 31, 16, 14, 27, 8)": 5.229625707548487,
        "(21, 29, 19, 26, 20, 12, 3, 16, 6, 28, 10)": 3.872508861060572,
        "(6, 31, 25, 15, 28, 27, 4, 1, 23, 7, 22)": 5.801353651147638,
        "(16, 11, 6, 13, 19, 4, 0, 22, 17, 29, 8)": 6.5636288382232335,