{
    "n_items": 34,
    "gamma": 13,
    "budget": 449.9152758711337,
    "profits": [
        96.16339235120176,
        98.40504725282506,
        41.16917709236422,
        57.90968672694672,
        90.61785935852339,
        66.2537298243481,
        50.40014938108568,
        79.11497620028354,
        56.97313708517681,
        58.387895673255755,
        86.838850289931,
        66.9270215004579,
        60.45911300158929,
        93.63502853136589,
        82.69854091661867,
        60.33621575526835,
        82.23615009659841,
        69.30892268036929,
        95.03702033660032,
        79.69354910806759,
        47.08829325212589,
        68.32907816248601,
        90.21126971069017,
        99.49397681482876,
        41.95803782014829,
        44.34275635692855,
        79.79763308437757,
        94.58639913041407,
        78.31746146084504,
        48.53692626991727,
        98.70294279215139,
        83.66513728284528,
        83.33284215342734,
        68.16524098324643
    ],
    "costs": [
        [
            31.954877140351424,
            41.54134028245685
        ],
        [
            37.593665138273664,
            71.42796376271995
        ],
        [
            27.87879528087563,
            36.24243386513832
        ],
        [
            14.28011231869061,
            18.564146014297794
        ],
        [
            36.37725394978671,
            69.11678250459475
        ],
        [
            48.56767148494461,
            63.137972930428
        ],
        [
            21.630278292545047,
            34.608445268072074
        ],
        [
            31.59029363606624,
            60.02155790852585
        ],
        [
            19.44827037294837,
            31.117232596717397
        ],
        [
            16.172023784438565,
            21.023630919770135
        ],
        [
            42.678484038013444,
            68.28557446082151
        ],
        [
            18.50367142415771,
            24.054772851405023
        ],
        [
            15.69144996291059,
            25.106319940656945
        ],
        [
            32.347284814824505,
            51.75565570371921
        ],
        [
            8.322721712138547,
            13.316354739421676
        ],
        [
            14.436610833475855,
            18.767594083518613
        ],
        [
            29.80623685366796,
            47.68997896586874
        ],
        [
            3.103445213936255,
            5.8965459064788845
        ],
        [
            39.85174849195511,
            75.7183221347147
        ],
        [
            18.423459041993883,
            29.477534467190214
        ],
        [
            17.417698383745275,
            33.09362692911602
        ],
        [
            45.607358867475334,
            86.65398184820313
        ],
        [
            20.484603893776402,
            32.775366230042245
        ],
        [
            42.361317395331184,
            55.06971261393054
        ],
        [
            19.45236880835155,
            31.123790093362484
        ],
        [
            45.28017870448211,
            58.86423231582675
        ],
        [
            3.5720535967782006,
            5.715285754845121
        ],
        [
            18.340673294893936,
            34.84727926029848
        ],
        [
            36.21925360992323,
            47.0850296929002
        ],
        [
            20.527098479594457,
            32.843357567351134
        ],
        [
            49.45920440407778,
            93.97248836774777
        ],
        [
            9.867004936151668,
            15.78720789784267
        ],
        [
            36.45109996544127,
            58.32175994470604
        ],
        [
            26.13228361625023,
            33.9719687011253
        ]
    ],
    "polynomial_gains": {
        "(23, 26)": 43.67544824288981,
        "(11, 20)": 2.813843316511358,
        "(28, 15)": 11.550053780089975,
        "(14, 32)": 3.9813112717189,
        "(17, 27)": 27.802566744747992,
        "(29, 12)": 29.429874241985555,
        "(6, 4)": 47.97270390045066,
        "(18, 24)": 45.76339960867376,
        "(13, 32)": 20.469674000044797,
        "(28, 17)": 3.661028742017733,
        "(29, 14)": 4.486633311257437,
        "(8, 25)": 41.1713422890478,
        "(4, 10)": 25.796043391961838,
        "(19, 3)": 45.411251584543386,
        "(30, 19)": 46.30027460177183,
        "(19, 4)": 46.87825657864101,
        "(14, 26)": 4.110260017080155,
        "(32, 20)": 32.052239290348865,
        "(18, 31)": 29.89381564208077,
        "(13, 22)": 5.4668088118630545,
        "(5, 0)": 40.82319881250924,
        "(0, 23)": 5.941371828606009,
        "(33, 18)": 25.267510792466283,
        "(2, 6)": 38.28290408604608,
        "(31, 17)": 47.84798538454954,
        "(16, 21)": 44.77323576793627,
        "(13, 29)": 47.39827170192089,
        "(28, 16)": 49.976363591959384,
        "(8, 0)": 10.009244294401867,
        "(7, 31)": 1.8161422842975967,
        "(11, 30)": 1.5312461585617305,
        "(14, 24)": 3.70195379841463,
        "(21, 7)": 47.45567782070076,
        "(33, 9)": 47.86632147875952,
        "(19, 15, 10)": 24.62092473984895,
        "(21, 0, 18)": 22.0443626508596,
        "(12, 13, 29)": 1.6957485522688,
        "(3, 31, 22)": 25.400276548136574,
        "(29, 12, 25)": 22.432937532805102,
        "(12, 17, 32)": 9.174434291172695,
        "(19, 31, 20)": 16.961777902029375,
        "(26, 33, 31)": 2.771584655029975,
        "(12, 8, 3)": 12.4124233312027,
        "(25, 19, 5)": 23.593861110334036,
        "(16, 10, 17)": 11.358568273341094,
        "(2, 19, 31)": 10.457188652830547,
        "(9, 26, 15)": 11.914982696221767,
        "(5, 10, 3)": 30.98569599427902,
        "(23, 25, 4)": 15.186278721427184,
        "(10, 21, 29)": 31.480910511920758,
        "(16, 17, 29)": 32.45619821139548,
        "(29, 25, 27, 6)": 9.077992465787394,
        "(8, 26, 21, 19)": 18.53220879011807,
        "(21, 24, 25, 0)": 2.3168842741799134,
        "(1, 27, 9, 21)": 17.42574578282208,
        "(27, 30, 22, 24)": 5.742802829982805,
        "(31, 13, 24, 17)": 21.758880659643914,
        "(27, 10, 0, 31)": 15.79101115517797,
        "(13, 11, 21, 9)": 12.158809947935866,
        "(2, 5, 27, 26)": 13.270521768510152,
        "(15, 19, 9, 31)": 5.954593902869804,
        "(16, 3, 18, 32)": 7.59732244792496,
        "(6, 33, 24, 28, 10)": 16.370924524339575,
        "(7, 2, 28, 3, 24)": 15.338472716557693,
        "(27, 10, 5, 1, 31)": 6.440395640002308,
        "(20, 27, 24, 26, 13)": 7.125723182099673,
        "(24, 2, 32, 17, 15)": 2.3192508461972814,
        "(23, 2, 30, 7, 24)": 10.227718851134542,
        "(3, 30, 0, 16, 20)": 15.930720858397153,
        "(10, 11, 20, 33, 23)": 3.566510246030851,
        "(31, 23, 3, 12, 17, 27)": 15.949939145161027,
        "(23, 27, 17, 21, 5, 22)": 5.9687390685734,
        "(1, 16, 32, 33, 28, 13)": 9.301921487679973,
        "(13, 20, 32, 12, 15, 30)": 13.043624670570756,
        "(25, 13, 4, 27, 1, 2)": 15.987801147843333,
        "(23, 5, 7, 31, 28, 29)": 15.757172147029287,
        "(27, 21, 1, 6, 3, 23, 2)": 1.5777124688672295,
        "(11, 27, 25, 18, 28, 6, 20)": 4.6666387332353825,
        "(13, 29, 28, 15, 5, 3, 24)": 12.790458030902121,
        "(5, 25, 19, 8, 16, 15, 27)": 13.54668653942041,
        "(12, 22, 19, 33, 29, 3, 6)": 13.786803133464547,
        "(14, 32, 20, 17, 8, 9, 13, 0)": 8.677985464603598,
        "(15, 26, 31, 32, 6, 14, 18, 17)": 4.651124941432626,
        "(20, 14, 23, 9, 30, 12, 27, 7)": 8.951656483789886,
        "(21, 23, 22, 29, 18, 10, 30, 26)": 9.713351902379173,
        "(1, 30, 15, 6, 5, 19, 22, 11, 12)": 1.0965574508494935,
        "(4, 15, 23, 7, 17, 31, 18, 32, 9)": 1.5181625681488837,
        "(10, 22, 17, 21, 23, 33, 5, 1, 13)": 3.8947250164016753,
        "(10, 4, 1, 21, 11, 7, 12, 17, 24)": 7.147105945933589,