{
    "n_items": 35,
    "gamma": 11,
    "budget": 528.6606300011977,
    "profits": [
        43.04021079631507,
        98.23352456467703,
        82.5320851174446,
        97.10712827847915,
        52.82553296685359,
        53.96055567296333,
        71.8837865030585,
        91.76593407131264,
        55.32565985799381,
        85.77831699065867,
        92.2536117824101,
        77.53250861961627,
        58.94534926373838,
        56.74870317898606,
        47.4897138602925,
        67.44116869000338,
        74.90521166316488,
        94.42994751126334,
        87.21974750894904,
        48.506134101371785,
        81.14499919421306,
        82.1428638187814,
        60.28265275775635,
        93.81757150247817,
        46.52037201487682,
        58.00937657696507,
        48.937059762673115,
        57.436005308234016,
        68.34629507573278,
        46.44689889538564,
        51.356239609645954,
        68.74502123236523,
        75.84699667431464,
        93.09643267947021,
        92.95811300199479
    ],
    "costs": [
        [
            42.26851237567249,
            80.31017351377773
        ],
        [
            39.46494172757951,
            74.98338928240106
        ],
        [
            42.37944765546452,
            80.52095054538258
        ],
        [
            29.789875569115853,
            47.663800910585366
        ],
        [
            42.9487102820502,
            81.60254953589538
        ],
        [
            26.426981465222017,
            42.28317034435523
        ],
        [
            44.424093774992734,
            57.751321907490556
        ],
        [
            44.722433408591826,
            84.97262347632447
        ],
        [
            8.6312870909302,
            11.220673218209262
        ],
        [
            6.157641374895514,
            8.004933787364168
        ],
        [
            31.77770342128212,
            60.377636500436026
        ],
        [
            4.533232339534699,
            5.893202041395109
        ],
        [
            36.6069701089,
            47.58906114157
        ],
        [
            4.815907805847971,
            6.260680147602362
        ],
        [
            14.818867058950964,
            28.155847412006832
        ],
        [
            45.216601460597694,
            58.781581898777006
        ],
        [
            46.15803105071406,
            73.8528496811425
        ],
        [
            32.44564975779869,
            51.91303961247791
        ],
        [
            21.4517006577731,
            40.75823124976888
        ],
        [
            49.62870431320248,
            79.40592690112398
        ],
        [
            48.429987473868316,
            92.0169762003498
        ],
        [
            12.219053540410492,
            19.55048566465679
        ],
        [
            8.610447379003745,
            16.359850020107114
        ],
        [
            33.802685320506676,
            43.94349091665868
        ],
        [
            31.939774116759803,
            41.52170635178775
        ],
        [
            39.08661563440968,
            62.538585015055496
        ],
        [
            20.40957274340535,
            32.65531638944856
        ],
        [
            44.98658915310349,
            85.47451939089662
        ],
        [
            13.087544872305156,
            20.94007179568825
        ],
        [
            41.291963241893924,
            53.679552214462106
        ],
        [
            34.83275840041551,
            55.732413440664814
        ],
        [
            29.88742278998805,
            38.85364962698447
        ],
        [
            34.22873761317349,
            44.497358897125544
        ],
        [
            46.42426507628492,
            74.27882412205587
        ],
        [
            3.4165499477501187,
            4.441514932075155
        ]
    ],
    "polynomial_gains": {
        "(31, 24)": 29.390677168264403,
        "(7, 2)": 35.99430755349183,
        "(8, 28)": 10.09367344671082,
        "(4, 13)": 15.092768218841572,
        "(17, 27)": 2.724209791954807,
        "(8, 26)": 41.53232554921857,
        "(13, 22)": 26.994650553451535,
        "(26, 0)": 22.44566303159033,
        "(6, 15)": 12.792395926930967,
        "(18, 28)": 43.94347256887801,
        "(8, 29)": 17.994548577100566,
        "(6, 24)": 32.956371755499674,
        "(34, 23)": 1.2018832012012903,
        "(11, 32)": 49.16317874794749,
        "(28, 29)": 22.42157709893769,
        "(4, 6)": 25.45458610026974,
        "(26, 17)": 19.129643281344205,
        "(22, 29)": 45.59162411712568,
        "(14, 15)": 11.180225656703323,
        "(10, 24)": 14.66607138374801,
        "(6, 17)": 30.28503885181946,
        "(24, 18)": 16.39538062063351,
        "(10, 18)": 19.04960258014072,
        "(22, 16)": 3.0203530088141184,
        "(19, 5)": 38.24341040017841,
        "(1, 13)": 20.008272333479628,
        "(20, 25)": 35.789128059146236,
        "(33, 13)": 12.10399678752415,
        "(32, 3)": 22.520692764666652,
        "(14, 26)": 6.786776644028898,
        "(1, 9)": 14.996277345810562,
        "(5, 22)": 14.907008819862504,
        "(8, 10)": 8.027354206784477,
        "(19, 24)": 16.76816902538104,
        "(2, 3)": 45.75468569347731,
        "(15, 34, 0)": 3.6134169335720387,
        "(15, 9, 33)": 10.711033575833175,
        "(12, 19, 30)": 3.774813904130331,
        "(15, 9, 0)": 24.41239269090992,
        "(0, 16, 18)": 22.500390870897927,
        "(21, 1, 18)": 20.711152566637455,
        "(26, 28, 13)": 8.064666762847839,
        "(7, 31, 16)": 5.354429944820792,
        "(9, 16, 30)": 10.251754779550254,
        "(6, 27, 31)": 20.841365868589325,
        "(31, 11, 27)": 2.9182187377106743,
        "(7, 8, 33)": 3.275474779909223,
        "(0, 9, 10)": 17.441173154835408,
        "(13, 11, 10)": 20.844714959417942,
        "(18, 26, 32)": 31.673599500875945,
        "(25, 0, 6)": 6.60916533774759,
        "(10, 32, 34)": 26.770055785917737,
        "(34, 11, 32, 1)": 15.52020307847208,
        "(8, 27, 26, 4)": 7.949413546470927,
        "(14, 8, 6, 33)": 5.618056821648022,
        "(14, 16, 6, 20)": 23.280216150419715,
        "(31, 7, 23, 28)": 22.70902545005569,
        "(4, 14, 15, 0)": 18.12608181649157,
        "(17, 23, 30, 18)": 7.302615333880898,
        "(13, 17, 25, 21)": 14.295280810284265,
        "(26, 3, 25, 16)": 3.4117755398479224,
        "(1, 4, 18, 31)": 12.384155035535382,
        "(10, 21, 9, 30)": 6.397083719330341,
        "(27, 33, 24, 1, 16)": 7.678218768365319,
        "(27, 30, 3, 14, 16)": 5.014733013404522,
        "(16, 22, 27, 6, 31)": 19.081772532547465,
        "(15, 8, 31, 34, 13)": 16.01557517101548,
        "(27, 31, 17, 0, 33)": 2.82468184504566,
        "(29, 25, 20, 8, 23)": 2.5654167232125555,
        "(23, 26, 33, 20, 5)": 4.981296160859838,
        "(11, 16, 23, 12, 4)": 8.511183627563943,
        "(29, 14, 1, 0, 16, 31)": 16.374295522994647,
        "(9, 15, 7, 26, 1, 29)": 9.888715769724707,
        "(0, 6, 9, 19, 30, 32)": 3.3017639655478996,
        "(22, 19, 28, 27, 23, 18)": 14.158016315279179,
        "(11, 9, 28, 27, 16, 18)": 2.8873223875383083,
        "(15, 28, 8, 21, 5, 10)": 5.761883621495633,
        "(19, 4, 24, 3, 25, 16)": 16.218376002474443,
        "(20, 7, 31, 2, 17, 23, 14)": 8.665310257241028,
        "(15, 19, 12, 11, 25, 23, 24)": 2.0458715707083384,
        "(14, 19, 28, 17, 29, 15, 34)": 4.667592285382424,
        "(23, 18, 10, 24, 3, 29, 28)": 11.68593260383263,
        "(27, 12, 20, 18, 25, 1, 23)": 14.10642859497163,
        "(32, 18, 34, 19, 24, 16, 15, 2)": 4.404155964651064,
        "(2, 18, 6, 17, 11, 26, 12, 24)": 7.43827679209862,
        "(3, 9, 30, 6, 12, 32, 16, 20)": 6.35633752393026,
        "(19, 25, 33, 10, 11, 9, 23, 15)": 8.14983759336544,
        "(33, 26, 3, 18, 29, 9, 22, 6)": 3.560041913942584,
        "(0, 10, 33, 26, 20, 25, 19, 9, 29)": 2.963355333398842,