{
    "n_items": 37,
    "gamma": 10,
    "budget": 250.27978447214196,
    "profits": [
        54.01615790317592,
        86.46808338020264,
        61.22522947864352,
        83.63458084298404,
        99.31028893822963,
        94.08227720673945,
        59.5154758092922,
        57.44947350357597,
        72.93523522536228,
        74.2595543168321,
        47.382292273740156,
        96.79236224760872,
        50.694844731334975,
        99.10659621860216,
        81.04060725682349,
        71.28900111038986,
        64.95289260487395,
        70.36393354146651,
        93.89530525055417,
        67.34416250674425,
        66.63052386943602,
        84.07511078935725,
        93.20298596194357,
        56.999663629703946,
        46.07552498172851,
        80.46544275618089,
        41.65504163463953,
        64.3404046015507,
        64.83840327589036,
        91.51336143133076,
        52.208829601124435,
        91.6394341541419,
        97.51910667319844,
        41.009995537378764,
        74.14514474073408,
        61.42788495181363,
        95.05165024850524
    ],
    "costs": [
        [
            40.75188657661771,
            65.20301852258834
        ],
        [
            45.40079558437254,
            59.0210342596843
        ],
        [
            45.305701484295675,
            72.48912237487308
        ],
        [
            20.312289263119474,
            38.593349599927
        ],
        [
            33.22782161361814,
            43.196168097703584
        ],
        [
            23.860348646367235,
            31.018453240277406
        ],
        [
            10.967411253808251,
            17.547858006093204
        ],
        [
            21.47052302693234,
            34.352836843091744
        ],
        [
            6.267357060192667,
            11.907978414366067
        ],
        [
            38.80849266798904,
            50.451040468385756
        ],
        [
            17.569312897977277,
            28.110900636763645
        ],
        [
            22.796147714609827,
            29.634992028992777
        ],
        [
            19.38357747550243,
            25.19865071815316
        ],
        [
            12.230319751984137,
            15.899415677579379
        ],
        [
            15.071315960813884,
            19.59271074905805
        ],
        [
            48.295407885780456,
            91.76127498298287
        ],
        [
            16.980214994586657,
            27.168343991338652
        ],
        [
            42.23376469475043,
            80.24415292002581
        ],
        [
            40.872421055010804,
            65.39587368801729
        ],
        [
            49.91971411393417,
            64.89562834811443
        ],
        [
            7.684053729576194,
            9.989269848449052
        ],
        [
            10.057225578909566,
            16.09156092625531
        ],
        [
            2.558311040632584,
            4.860790977201909
        ],
        [
            11.242294403820399,
            21.360359367258756
        ],
        [
            43.983173370029704,
            70.37307739204753
        ],
        [
            49.820716513482274,
            94.65936137561631
        ],
        [
            43.8951944174116,
            70.23231106785856
        ],
        [
            21.339546452408058,
            40.54513825957531
        ],
        [
            17.859489472409916,
            33.933029997578835
        ],
        [
            17.56906469659024,
            28.110503514544384
        ],
        [
            19.30239020908687,
            36.67454139726505
        ],
        [
            41.588509832025935,
            54.06506278163371
        ],
        [
            28.685954720659023,
            37.29174113685673
        ],
        [
            17.82341300967922,
            23.17043691258299
        ],
        [
            41.19407860910423,
            53.5523021918355
        ],
        [
            15.061663791217299,
            19.58016292858249
        ],
        [
            39.729234319261565,
            51.64800461504004
        ]
    ],
    "polynomial_gains": {
        "(17, 8)": 11.234701767874652,
        "(33, 25)": 36.1584483618158,
        "(10, 19)": 29.51543817511616,
        "(30, 34)": 18.05281849219179,
        "(1, 36)": 26.81724215450364,
        "(17, 16)": 14.132848541971974,
        "(18, 23)": 40.970731559893586,
        "(36, 31)": 22.62589101319687,
        "(16, 33)": 36.843522149205185,
        "(18, 20)": 15.561119792084241,
        "(27, 7)": 9.682086886560374,
        "(32, 18)": 14.74436426226204,
        "(17, 4)": 29.327878518238272,
        "(11, 33)": 7.3334089953518005,
        "(22, 10)": 1.2282334421791714,
        "(18, 28)": 21.630546366516302,
        "(29, 26)": 27.828139503249105,
        "(30, 36)": 37.27134199698816,
        "(5, 30)": 44.494121809144474,
        "(10, 1)": 18.048012675387394,
        "(21, 12)": 10.592120974331792,
        "(9, 4)": 26.17093111341989,
        "(1, 13)": 14.741261191479932,
        "(11, 28)": 16.422784708221258,
        "(36, 28)": 41.10188514040581,
        "(36, 0)": 21.759385351193682,
        "(33, 11)": 35.72079489907927,
        "(8, 20)": 44.46812704731206,
        "(10, 8)": 39.59750260532454,
        "(0, 31)": 41.21107011590967,
        "(0, 29)": 33.28512867239616,
        "(7, 3)": 22.324209814163247,
        "(21, 27)": 18.007641119449783,
        "(1, 35)": 19.65116867666712,
        "(11, 14)": 40.7935923801585,
        "(34, 4)": 33.14846131905956,
        "(30, 29)": 25.115277590487462,
        "(26, 19, 18)": 13.778666747780163,
        "(21, 10, 6)": 11.65549589903777,
        "(0, 36, 24)": 32.11183543958718,
        "(28, 14, 16)": 1.5209644160529359,
        "(32, 24, 19)": 6.854290369574824,
        "(31, 19, 21)": 22.342233555750802,
        "(36, 28, 27)": 29.116649223130377,
        "(7, 28, 34)": 22.824775929610716,
        "(8, 17, 2)": 1.6155998024237264,
        "(30, 5, 20)": 2.388883404791602,
        "(27, 1, 10)": 2.3719652970111116,
        "(10, 33, 7)": 13.979093495151496,
        "(7, 25, 27)": 20.12612906858328,
        "(14, 6, 7)": 32.68076931567748,
        "(29, 4, 14)": 8.743257153306446,
        "(1, 31, 16)": 23.19438313887157,
        "(0, 3, 14)": 2.7556765027736434,
        "(11, 30, 3)": 11.296750609724558,
        "(20, 17, 13, 27)": 16.824968047468474,
        "(12, 2, 11, 15)": 13.68285118124462,
        "(36, 10, 14, 29)": 16.683835595957206,
        "(29, 8, 18, 2)": 7.824309852547588,
        "(11, 26, 36, 3)": 9.552009098721264,
        "(36, 21, 6, 1)": 11.966096389217032,
        "(14, 2, 16, 5)": 13.7131272339111,
        "(13, 24, 1, 0)": 6.198978506450118,
        "(19, 23, 13, 14)": 22.460750020170874,
        "(11, 34, 4, 25)": 20.53365172920011,
        "(6, 36, 7, 26)": 13.49350326822098,
        "(0, 29, 30, 6)": 13.495002848139439,
        "(0, 7, 32, 25, 35)": 5.825541008134444,
        "(32, 4, 15, 22, 25)": 15.016375168689866,
        "(23, 2, 0, 19, 14)": 15.823629282721203,
        "(24, 4, 13, 6, 33)": 10.052962388344433,
        "(31, 24, 32, 11, 36)": 13.932221714531726,
        "(32, 27, 13, 25, 24)": 1.8875791173849397,
        "(15, 14, 7, 1, 6)": 19.04480385046954,
        "(20, 23, 4, 13, 17)": 19.241097721906247,
        "(0, 5, 7, 1, 32)": 11.430514209980197,
        "(12, 22, 1, 27, 24, 8)": 11.1780616157476,
        "(34, 13, 2, 7, 5, 1)": 8.537080586028726,
        "(19, 29, 36, 30, 14, 10)": 5.515783379479495,
        "(3, 5, 20, 8, 2, 31)": 16.228423775197832,
        "(16, 35, 21, 2, 4, 32)": 6.204148058360873,
        "(4, 8, 22, 18, 12, 29)": 13.318859456088248,
        "(28, 5, 21, 3, 4, 16)": 12.098011243737798,
        "(26, 22, 31, 27, 23, 12, 21)": 10.2702369936791,
        "(24, 22, 2, 19, 20, 11, 35)": 3.3173943886778905,
        "(15, 34, 7, 13, 26, 30, 12)": 1.992033575857388,