{
    "n_items": 39,
    "gamma": 30,
    "budget": 228.64921259388933,
    "profits": [
        81.2774836962011,
        92.10407647411674,
        83.02754240792808,
        84.21359000635482,
        90.69991358748123,
        63.359658756951205,
        76.28057640415302,
        71.29242659407062,
        70.7588625197838,
        71.5497856254793,
        99.18895761511457,
        96.90717721306656,
        65.13288956382829,
        92.02183598563627,
        86.63103206412413,
        40.69780774818705,
        92.57465217783893,
        50.4589922587607,
        57.62449105952162,
        52.987853475653935,
        86.169760788241,
        87.58678979936855,
        93.68672998384906,
        68.70218324788051,
        84.57940225602985,
        50.22711844417236,
        69.882186650353,
        98.03039585737429,
        58.12410069668814,
        57.306904369843835,
        86.92169555282885,
        71.23388564041677,
        42.35264634677325,
        95.6469761961275,
        47.655674343551574,
        59.07406253033938,
        98.61844815946074,
        83.07096006231333,
        67.80751194837393
    ],
    "costs": [
        [
            33.05260723322391,
            52.884171573158255
        ],
        [
            37.39247386304438,
            71.04570033978432
        ],
        [
            35.78937420936397,
            46.526186472173165
        ],
        [
            19.140289578168257,
            24.882376451618736
        ],
        [
            6.79210956302276,
            12.905008169743244
        ],
        [
            1.8661408330730964,
            2.9858253329169546
        ],
        [
            10.897174398865971,
            14.166326718525763
        ],
        [
            31.594729504131088,
            60.029986057849065
        ],
        [
            45.104552947103315,
            72.16728471536531
        ],
        [
            36.98707475427928,
            59.179319606846846
        ],
        [
            43.674595345054,
            82.9817311556026
        ],
        [
            42.49593885993968,
            55.244720517921586
        ],
        [
            49.06025524937048,
            78.49640839899277
        ],
        [
            23.196608204018407,
            30.15559066522393
        ],
        [
            46.77115831836753,
            60.802505813877794
        ],
        [
            1.138034006825079,
            1.4794442088726028
        ],
        [
            3.1738241123278583,
            5.078118579724574
        ],
        [
            17.091519859473532,
            22.21897581731559
        ],
        [
            38.228023427466866,
            61.16483748394699
        ],
        [
            18.391765419635387,
            29.42682467141662
        ],
        [
            40.3423908310426,
            64.54782532966816
        ],
        [
            14.685048578932914,
            27.901592299972535
        ],
        [
            21.141753906984277,
            33.826806251174844
        ],
        [
            14.151557065427571,
            22.642491304684114
        ],
        [
            27.637249810001713,
            44.219599696002746
        ],
        [
            32.187661930906174,
            61.156557668721724
        ],
        [
            15.159226001154973,
            28.80252940219445
        ],
        [
            32.177252228484264,
            61.1367792341201
        ],
        [
            16.09985518535109,
            20.929811740956417
        ],
        [
            39.15760524148049,
            50.90488681392464
        ],
        [
            16.18136953180308,
            30.744602110425852
        ],
        [
            7.750358026778827,
            14.725680250879769
        ],
        [
            3.909010694503138,
            7.427120319555962
        ],
        [
            21.1299328622901,
            27.468912720977134
        ],
        [
            7.747542226112696,
            14.720330229614122
        ],
        [
            8.3772144706466,
            15.916707494228538
        ],
        [
            8.451400681168645,
            13.522241089869832
        ],
        [
            22.864870168222257,
            29.724331218688935
        ],
        [
            23.60730124751103,
            30.689491621764343
        ]
    ],
    "polynomial_gains": {
        "(36, 29)": 11.789793909216765,
        "(24, 8)": 22.388911251647308,
        "(25, 18)": 24.887146124806055,
        "(10, 17)": 35.75629699891506,
        "(8, 18)": 19.320721731914546,
        "(5, 12)": 49.25292631363002,
        "(36, 1)": 25.048468264164637,
        "(20, 26)": 15.239390229505744,
        "(0, 26)": 5.399255606340273,
        "(26, 18)": 15.787463936066231,
        "(2, 13)": 39.01588619552399,
        "(0, 20)": 2.5855605698873947,
        "(7, 1)": 2.912965371061811,
        "(30, 21)": 45.13850449327698,
        "(15, 22)": 22.418105251076884,
        "(37, 29)": 3.9002268767249935,
        "(24, 34)": 13.509191789523909,
        "(3, 34)": 10.842418286203998,
        "(1, 22)": 42.19792932834543,
        "(19, 5)": 27.206715380202127,
        "(15, 25)": 6.188560681217247,
        "(33, 1)": 29.278674888124193,
        "(9, 22)": 27.180157079193965,
        "(30, 22)": 12.475777429802513,
        "(18, 0)": 41.746711070429285,
        "(18, 14)": 2.7941011848900033,
        "(37, 35)": 4.250768909490617,
        "(18, 6)": 7.306530797247496,
        "(21, 9)": 43.24278885763104,
        "(27, 14)": 26.672188480926263,
        "(5, 7)": 30.178837166695192,
        "(6, 8)": 3.6928772852341663,
        "(1, 14)": 18.124964281826916,
        "(21, 19)": 38.68726443572858,
        "(17, 11)": 43.63451162602578,
        "(10, 37)": 39.5688968221475,
        "(15, 26)": 1.0034672289259432,
        "(20, 3)": 7.24531160286325,
        "(17, 16)": 31.031754786395823,
        "(13, 32, 5)": 2.5266956520429797,
        "(16, 3, 13)": 14.732409662307944,
        "(26, 21, 32)": 18.65985707913959,
        "(31, 19, 37)": 13.151787276416155,
        "(36, 23, 10)": 33.11904847316717,
        "(34, 14, 32)": 9.035048210576509,
        "(30, 24, 33)": 5.653652144167716,
        "(21, 19, 16)": 11.744538990638764,
        "(11, 5, 26)": 12.717046925013605,
        "(23, 38, 32)": 30.563854935088465,
        "(9, 3, 32)": 32.57659509237922,
        "(30, 1, 22)": 4.8177496458053355,
        "(17, 21, 5)": 16.00148345472737,
        "(36, 30, 33)": 24.68357621139934,
        "(8, 38, 10)": 5.288103502776393,
        "(2, 19, 8)": 17.321685324768616,
        "(27, 1, 9)": 25.925805467253433,
        "(31, 19, 26)": 32.71174146528862,
        "(22, 10, 4)": 27.07665552943777,
        "(9, 25, 18, 19)": 18.14219285288868,
        "(25, 38, 28, 32)": 1.0282480720623477,
        "(4, 7, 1, 5)": 7.567909463642321,
        "(16, 24, 5, 31)": 21.372926448100856,
        "(26, 5, 11, 33)": 14.906630921597664,
        "(21, 38, 31, 34)": 4.99429069263832,
        "(5, 16, 29, 33)": 12.097771284804889,
        "(25, 6, 1, 14)": 1.2643589441276237,
        "(22, 35, 27, 20)": 22.960788189538796,
        "(3, 22, 9, 29)": 1.9821625605992415,
        "(18, 0, 6, 25)": 10.899941924995158,
        "(17, 18, 33, 38)": 13.78829208757583,
        "(26, 21, 38, 11)": 13.341176410458687,
        "(23, 26, 1, 38, 24)": 17.014158919497223,
        "(8, 19, 14, 26, 3)": 2.0068911847306428,
        "(4, 33, 28, 23, 31)": 17.944866755283293,
        "(3, 2, 27, 4, 33)": 7.229955228109519,
        "(28, 29, 10, 11, 33)": 1.5493404305631262,
        "(36, 5, 24, 27, 7)": 7.655723964140497,
        "(18, 35, 34, 5, 26)": 6.956954477226196,
        "(32, 36, 28, 24, 20)": 8.669794435777476,
        "(7, 35, 6, 21, 32)": 11.228299356943397,
        "(9, 3, 38, 35, 10, 6)": 9.64608524840083,
        "(30, 9, 12, 32, 13, 5)": 11.89234176944312,
        "(18, 8, 13, 4, 23, 12)": 16.498166311702853,