{
    "n_items": 40,
    "gamma": 25,
    "budget": 288.1334898607356,
    "profits": [
        54.54025173496702,
        68.33263414268893,
        91.58032101844405,
        88.29729548495499,
        48.630737446796275,
        45.41929292104232,
        71.41525907807,
        94.92061544740164,
        87.42060545886055,
        85.0615669999915,
        57.32008450741574,
        86.56820512460072,
        90.69298757305694,
        70.45654125881596,
        82.0338636863573,
        60.080785111706646,
        79.89379870792106,
        99.10985774214063,
        54.68915354175144,
        55.29651290791634,
        43.792738595191366,
        44.29866107544902,
        54.63597872995044,
        40.724259847461354,
        50.04332632052707,
        66.8046800539791,
        69.46086809561658,
        68.66491218632345,
        62.66344444792276,
        75.47562103258798,
        83.19144659320824,
        47.63864639642642,
        67.84229390205824,
        95.63082750613115,
        95.399051375259,
        91.90647967529462,
        69.69601664538698,
        95.41960447447676,
        73.65662711637555,
        81.29178847511773
    ],
    "costs": [
        [
            28.351398594610885,
            53.867657329760675
        ],
        [
            18.33087373454104,
            23.830135854903354
        ],
        [
            40.20059022778372,
            52.260767296118836
        ],
        [
            1.9994992860091108,
            2.599349071811844
        ],
        [
            13.628852470388228,
            25.89481969373763
        ],
        [
            4.719940107893146,
            8.967886204996978
        ],
        [
            38.281294443237236,
            61.25007110917958
        ],
        [
            8.255183171063774,
            13.208293073702038
        ],
        [
            11.793104288302724,
            22.406898147775173
        ],
        [
            27.945795971609687,
            36.329534763092596
        ],
        [
            39.86532090259333,
            75.74410971492733
        ],
        [
            33.87958024581671,
            64.37120246705175
        ],
        [
            13.828749794920679,
            17.977374733396882
        ],
        [
            32.25501741914091,
            61.28453309636773
        ],
        [
            21.72590727270083,
            28.24367945451108
        ],
        [
            15.426757548889782,
            24.68281207822365
        ],
        [
            48.79061350811775,
            78.0649816129884
        ],
        [
            27.199854908736476,
            43.519767853978365
        ],
        [
            39.95205126391206,
            63.9232820222593
        ],
        [
            44.104736265168484,
            57.33615714471903
        ],
        [
            27.77355603141544,
            36.10562284084007
        ],
        [
            23.260000409159925,
            30.238000531907904
        ],
        [
            21.012034377878955,
            33.61925500460633
        ],
        [
            7.0752920309324185,
            13.443054858771594
        ],
        [
            6.155028654553481,
            8.001537250919526
        ],
        [
            23.001618904733252,
            36.80259024757321
        ],
        [
            9.632031011680791,
            15.411249618689267
        ],
        [
            27.35232832567526,
            35.55802682337784
        ],
        [
            19.57298599392274,
            25.44488179209956
        ],
        [
            13.134829723024476,
            24.956176473746503
        ],
        [
            33.942255880747275,
            44.12493264497146
        ],
        [
            6.672884052039354,
            10.676614483262966
        ],
        [
            21.07411534960298,
            33.71858455936477
        ],
        [
            13.258734164510956,
            21.21397466321753
        ],
        [
            34.78718643890602,
            45.223342370577825
        ],
        [
            3.2725774314964324,
            4.254350660945362
        ],
        [
            11.660230740962703,
            18.656369185540324
        ],
        [
            9.821598952085562,
            15.7145583233369
        ],
        [
            36.61818685729522,
            58.58909897167236
        ],
        [
            4.7878728261470656,
            9.096958369679424
        ]
    ],
    "polynomial_gains": {
        "(8, 17)": 30.076728675557202,
        "(5, 3)": 22.78851517106623,
        "(25, 27)": 16.609133497359387,
        "(0, 37)": 16.824975766564368,
        "(15, 29)": 4.131596706177141,
        "(22, 26)": 28.90373389620041,
        "(21, 22)": 7.621158378131625,
        "(39, 10)": 8.768122846520944,
        "(27, 23)": 3.4554824830920263,
        "(23, 31)": 38.068974978767905,
        "(37, 22)": 25.21142119355038,
        "(10, 35)": 43.08630087031345,
        "(11, 4)": 35.889559154522914,
        "(1, 28)": 45.03407399037924,
        "(18, 19)": 16.10422329900235,
        "(33, 27)": 49.008187009788344,
        "(34, 12)": 39.168708118162506,
        "(7, 6)": 22.94465251691521,
        "(36, 21)": 6.825235983542648,
        "(34, 19)": 5.609537213233065,
        "(14, 0)": 9.367070403307528,
        "(29, 33)": 15.498825722252198,
        "(20, 9)": 45.42857271436284,
        "(0, 31)": 7.936131619823481,
        "(17, 20)": 29.160535566937238,
        "(38, 22)": 44.87854654439798,
        "(19, 23)": 46.25663579692843,
        "(29, 39)": 10.76087039285345,
        "(13, 6)": 39.61367068795482,
        "(10, 8)": 36.52385847149657,
        "(27, 35)": 9.719379236650923,
        "(13, 32)": 49.63285103704032,
        "(29, 6)": 32.77552922622751,
        "(25, 1)": 6.044341204948192,
        "(15, 20)": 15.538480528067167,
        "(7, 37)": 23.376239250966073,
        "(3, 7)": 22.39669157001471,
        "(2, 24)": 29.07034952340308,
        "(8, 7)": 39.22997319370514,
        "(16, 20, 33)": 20.074979397549644,
        "(15, 32, 37)": 30.16185483773585,
        "(32, 18, 36)": 28.417560293973697,
        "(30, 28, 20)": 27.651810865374138,
        "(1, 37, 26)": 7.3521757574130016,
        "(3, 37, 14)": 28.888683186094024,
        "(9, 23, 17)": 15.59838707331227,
        "(22, 20, 10)": 30.68515018319573,
        "(13, 0, 12)": 28.5656962589042,
        "(8, 23, 36)": 3.155996876483297,
        "(1, 8, 15)": 5.33052484095786,
        "(4, 12, 30)": 16.67462213482969,
        "(6, 10, 35)": 30.235571079754376,
        "(8, 30, 32)": 3.31875917522122,
        "(14, 1, 4)": 28.703835664535355,
        "(17, 22, 31)": 16.31528332278501,
        "(36, 26, 1)": 30.050331178929333,
        "(29, 21, 23)": 19.630458348409732,
        "(14, 0, 5)": 21.419241933227077,
        "(24, 37, 1)": 24.05286712446627,
        "(10, 37, 9, 24)": 7.11120958689575,
        "(16, 20, 35, 11)": 20.774920252233503,
        "(25, 29, 18, 39)": 6.902422135166881,
        "(1, 9, 26, 30)": 21.35563649594591,
        "(27, 33, 15, 38)": 4.4369068994966945,
        "(29, 0, 30, 24)": 4.435957084988213,
        "(31, 12, 18, 10)": 21.728105979054057,
        "(23, 24, 18, 30)": 15.409674082084852,
        "(37, 5, 3, 33)": 23.65876415990802,
        "(23, 3, 39, 24)": 12.609658383852114,
        "(22, 10, 31, 6)": 19.781446345697407,
        "(1, 17, 31, 32)": 2.7715108471734116,
        "(3, 12, 25, 29)": 2.412112466485228,
        "(38, 27, 16, 15, 35)": 8.208587720085506,
        "(7, 4, 14, 33, 29)": 17.243263470257386,
        "(13, 4, 29, 12, 10)": 12.137861071242998,
        "(19, 39, 22, 38, 3)": 5.99288689484382,
        "(8, 23, 13, 15, 5)": 17.47405488418021,
        "(39, 11, 14, 38, 20)": 12.28940007132855,
        "(34, 3, 37, 28, 20)": 5.4079693062012755,
        "(4, 28, 29, 23, 17)": 14.304771197913237,
        "(7, 12, 1, 39, 8)": 15.046047245932465,