{
    "n_items": 43,
    "gamma": 9,
    "budget": 259.93074132858186,
    "profits": [
        71.2924194633988,
        64.4780481475579,
        96.09982967472153,
        39.57889231232055,
        39.98379643772626,
        76.16657996883791,
        94.39034625733882,
        55.21619251600953,
        89.49956418994572,
        62.712411959218855,
        77.30372376884876,
        72.10823718729455,
        46.800663796188985,
        44.55268545574663,
        74.74532193023221,
        95.6915991693005,
        63.976655967645115,
        59.46152919467045,
        78.9852823169936,
        51.670120302840445,
        87.63596578003498,
        89.49295832161522,
        73.27754828598171,
        42.20185717894312,
        58.02090048318719,
        49.131175419588814,
        40.69742399622701,
        61.58460507561661,
        38.47772185472352,
        59.87441163050496,
        55.769557255996205,
        58.392563751345946,
        43.251325059220754,
        50.152923796482554,
        76.79504437329581,
        50.26986007459462,
        40.75430985802875,
        39.95858667810617,
        96.31000530653216,
        86.2491367033695,
        83.2264625352111,
        62.09820553038119,
        69.50991004746254
    ],
    "costs": [
        [
            34.88920657020335,
            45.35596854126435
        ],
        [
            48.04396957711463,
            91.2835421965178
        ],
        [
            19.693616918064624,
            25.601701993484014
        ],
        [
            8.418474986233791,
            15.995102473844202
        ],
        [
            14.558540709508398,
            27.661227348065953
        ],
        [
            47.60443347351889,
            90.44842359968588
        ],
        [
            8.477594854790505,
            11.020873311227657
        ],
        [
            31.275492043126455,
            40.65813965606439
        ],
        [
            10.038362529344884,
            19.072888805755277
        ],
        [
            44.800755301015464,
            58.240981891320104
        ],
        [
            10.7610787494431,
            13.98940237427603
        ],
        [
            10.971542464902624,
            14.263005204373412
        ],
        [
            30.67325766700138,
            49.07721226720221
        ],
        [
            21.65261211618953,
            28.14839575104639
        ],
        [
            5.057252729479108,
            6.574428548322841
        ],
        [
            7.195780820942278,
            13.671983559790327
        ],
        [
            20.541256726196874,
            32.866010761915
        ],
        [
            14.142082406499132,
            26.86995657234835
        ],
        [
            42.52573685267038,
            68.0411789642726
        ],
        [
            35.5166411211464,
            67.48161813017816
        ],
        [
            12.677942267894466,
            16.481324948262806
        ],
        [
            21.466647621518504,
            40.78663048088516
        ],
        [
            21.28465264780164,
            40.44084003082311
        ],
        [
            44.06456749074588,
            83.72267823241717
        ],
        [
            20.892411903242014,
            33.427859045187226
        ],
        [
            13.254065082979697,
            25.182723657661423
        ],
        [
            36.10066221217306,
            68.59125820312882
        ],
        [
            31.474948690228192,
            40.917433297296654
        ],
        [
            36.91322795524826,
            59.061164728397216
        ],
        [
            3.469548853794174,
            5.551278166070679
        ],
        [
            42.08454567065795,
            54.70990937185534
        ],
        [
            1.3998129912016197,
            1.8197568885621056
        ],
        [
            34.352958269402805,
            44.65884575022365
        ],
        [
            39.965709524799784,
            63.94513523967966
        ],
        [
            40.89424200325005,
            77.69905980617509
        ],
        [
            26.080595974141914,
            49.55313235086963
        ],
        [
            47.732723185130666,
            62.05254014066987
        ],
        [
            7.363319639167479,
            11.781311422667967
        ],
        [
            35.287335519235256,
            45.87353617500583
        ],
        [
            7.220236154485773,
            9.386307000831506
        ],
        [
            15.93562047608023,
            30.277678904552435
        ],
        [
            8.51804876227768,
            11.073463390960983
        ],
        [
            24.45145380147848,
            46.45776222280911
        ]
    ],
    "polynomial_gains": {
        "(42, 39)": 28.927206268832553,
        "(10, 7)": 30.293409275824168,
        "(23, 8)": 4.683063550879022,
        "(3, 24)": 7.419513611902939,
        "(19, 41)": 45.683124640406035,
        "(25, 29)": 12.132230756695643,
        "(41, 25)": 10.886631299916242,
        "(23, 22)": 47.76997656721366,
        "(31, 37)": 28.863092948335836,
        "(40, 32)": 22.072615873027473,
        "(23, 0)": 39.85544785126766,
        "(22, 33)": 35.328187295779834,
        "(8, 27)": 11.265917300718932,
        "(37, 18)": 6.593538047433684,
        "(1, 12)": 20.90563271937936,
        "(34, 24)": 6.443832402275947,
        "(40, 30)": 46.6650314011371,
        "(5, 37)": 11.564087518127385,
        "(4, 14)": 7.499666654960791,
        "(2, 9)": 47.58365181783706,
        "(37, 11)": 19.31548635701101,
        "(13, 24)": 14.908679944438667,
        "(17, 2)": 42.20863337559145,
        "(4, 24)": 22.12283796859028,
        "(14, 0)": 4.351739009289935,
        "(5, 20)": 44.017137456408285,
        "(35, 7)": 44.187202017615746,
        "(5, 33)": 32.01090845132585,
        "(17, 24)": 30.74242844715489,
        "(31, 20)": 25.85791997396799,
        "(5, 15)": 48.02607033618458,
        "(16, 32)": 44.18071708766488,
        "(21, 19)": 30.066943014125815,
        "(13, 4)": 49.293788530147815,
        "(11, 29)": 21.898444961414434,
        "(24, 8)": 15.874678926101542,
        "(23, 33)": 36.814492588653465,
        "(42, 33)": 39.09922627916169,
        "(36, 33)": 34.22866200746533,
        "(0, 39)": 12.164176474647299,
        "(38, 22)": 31.37789986713327,
        "(12, 8)": 8.005451269905302,
        "(12, 28)": 9.817225777062998,
        "(19, 2, 13)": 30.867285329901563,
        "(20, 0, 4)": 14.154936327364236,
        "(35, 11, 24)": 6.364796298607935,
        "(39, 18, 0)": 28.97254944359831,
        "(37, 9, 17)": 16.218302388823577,
        "(9, 18, 15)": 15.482626221772135,
        "(10, 17, 39)": 3.8186553440765127,
        "(8, 3, 18)": 4.409711813297246,
        "(5, 25, 19)": 27.636062894705923,
        "(41, 25, 23)": 17.41238547056879,
        "(35, 2, 16)": 25.442297325692937,
        "(24, 27, 35)": 2.307209629508735,
        "(31, 21, 16)": 22.952357393915317,
        "(0, 37, 5)": 7.746039278675159,
        "(5, 36, 26)": 29.276850546805697,
        "(34, 37, 15)": 11.997305054273546,
        "(4, 20, 28)": 25.313344624325314,
        "(39, 11, 25)": 7.7092685506961205,
        "(9, 17, 12)": 29.410344226178545,
        "(42, 7, 4)": 21.291568839477684,
        "(23, 14, 30)": 22.195502080810446,
        "(6, 35, 21, 11)": 16.368764615438536,
        "(8, 3, 25, 18)": 1.085113197823131,
        "(15, 1, 42, 25)": 12.393245886134064,
        "(17, 5, 23, 1)": 19.06614536280847,
        "(29, 28, 2, 10)": 9.174735249072015,
        "(41, 16, 1, 14)": 20.576982108802817,
        "(10, 37, 35, 2)": 5.803286719402098,
        "(38, 4, 37, 6)": 15.251325364884778,
        "(8, 4, 7, 38)": 15.545428527489378,
        "(5, 23, 31, 17)": 10.16164009235548,
        "(5, 42, 39, 34)": 16.2753325254658,
        "(14, 16, 32, 35)": 11.915563391269039,