{
    "n_items": 47,
    "gamma": 17,
    "budget": 405.6452002592752,
    "profits": [
        93.91010942427991,
        40.42690864790154,
        70.58196889670556,
        97.77168787801335,
        58.16166659659374,
        84.57027887481496,
        84.91438915562524,
        66.16767744598793,
        49.515947844505504,
        62.83579122075599,
        44.488842529503394,
        71.88327243143843,
        40.59605330582556,
        91.12455527854317,
        73.7423630000149,
        67.13233173455848,
        63.96379492893178,
        91.26130893175343,
        96.23583935790128,
        59.557166296489115,
        41.006288610353785,
        74.49248381562936,
        62.3843061125319,
        50.13838894316241,
        70.53704034179256,
        64.35168363017978,
        79.14963552927657,
        58.77340251251847,
        56.23258678829612,
        96.00426218296187,
        95.94437641941683,
        70.84604993018252,
        44.21397556743992,
        62.585617812703944,
        49.877567218855916,
        67.32203634974917,
        52.27665348373719,
        58.26903528802359,
        83.06438465140893,
        73.46729753122987,
        90.50400418327274,
        75.67604197698769,
        70.21041373020778,
        75.68352242947337,
        76.3129998849692,
        61.5020067508361,
        93.26442005078233
    ],
    "costs": [
        [
            22.41855819749822,
            29.14412565674769
        ],
        [
            11.472949256143274,
            14.914834032986256
        ],
        [
            38.731098795065996,
            73.58908771062539
        ],
        [
            34.275328128398904,
            54.84052500543825
        ],
        [
            37.48718027025877,
            71.22564251349166
        ],
        [
            26.98728022652059,
            43.17964836243294
        ],
        [
            4.799728569975709,
            9.119484282953847
        ],
        [
            7.181189807976455,
            13.644260635155264
        ],
        [
            9.90071997191169,
            12.870935963485197
        ],
        [
            37.73706654245225,
            49.058186505187926
        ],
        [
            37.25183166149538,
            48.427381159944
        ],
        [
            4.91965369068009,
            9.347342012292172
        ],
        [
            33.96474080864932,
            54.34358529383891
        ],
        [
            10.763570943385151,
            20.450784792431786
        ],
        [
            42.92680339220652,
            55.80484440986848
        ],
        [
            35.926334265698586,
            46.70423454540816
        ],
        [
            42.05356728342216,
            54.66963746844881
        ],
        [
            39.574276233455144,
            75.19112484356477
        ],
        [
            46.61566117213024,
            88.56975622704745
        ],
        [
            46.17029326116687,
            73.87246921786699
        ],
        [
            33.91917009604161,
            64.44642318247905
        ],
        [
            14.20060116859744,
            18.460781519176674
        ],
        [
            45.949797412121114,
            87.30461508303011
        ],
        [
            22.65552835865504,
            36.24884537384806
        ],
        [
            21.772684193472784,
            41.36809996759829
        ],
        [
            49.16581553916342,
            93.41504952441049
        ],
        [
            48.2892373346793,
            62.77600853508309
        ],
        [
            4.575399584503743,
            8.693259210557112
        ],
        [
            14.030404848161528,
            18.239526302609985
        ],
        [
            45.12606869696653,
            58.66388930605649
        ],
        [
            7.303469582876584,
            11.685551332602536
        ],
        [
            10.096384384477261,
            13.12529969982044
        ],
        [
            6.281080840265321,
            11.934053596504109
        ],
        [
            35.19825637758852,
            45.757733290865076
        ],
        [
            7.004615780071681,
            11.20738524811469
        ],
        [
            30.76324166211084,
            39.99221416074409
        ],
        [
            36.4778755929927,
            69.30796362668613
        ],
        [
            12.109790610873146,
            15.74272779413509
        ],
        [
            21.07387525506875,
            40.04036298463062
        ],
        [
            27.407638528267732,
            43.852221645228376
        ],
        [
            17.847796477363307,
            23.2021354205723
        ],
        [
            25.72774506119812,
            33.44606857955756
        ],
        [
            48.1316943786427,
            91.45021931942112
        ],
        [
            10.204719541870514,
            16.327551266992824
        ],
        [
            20.893605999651992,
            27.16168779954759
        ],
        [
            21.389446192861826,
            27.806280050720375
        ],
        [
            8.18182480079053,
            15.545467121502005
        ]
    ],
    "polynomial_gains": {
        "(12, 35)": 15.398894190702174,
        "(18, 46)": 5.505250339832403,
        "(0, 21)": 43.058485881665085,
        "(21, 13)": 43.621569249067356,
        "(40, 18)": 39.38441287480901,
        "(9, 28)": 32.20797139315012,
        "(44, 25)": 27.017871419779667,
        "(36, 17)": 3.6021787193484247,
        "(42, 23)": 28.415429485922658,
        "(8, 12)": 17.46934686852349,
        "(41, 5)": 9.892353400072826,
        "(41, 13)": 23.921841940287056,
        "(15, 33)": 37.01334866961776,
        "(37, 17)": 24.580247825944117,
        "(46, 37)": 2.382919132078815,
        "(8, 29)": 41.804769708815954,
        "(5, 3)": 34.447228758220554,
        "(12, 18)": 48.59148514296244,
        "(6, 8)": 18.073421126817443,
        "(38, 37)": 23.686545436599545,
        "(42, 44)": 39.084639763612394,
        "(24, 14)": 42.017584089750294,
        "(12, 1)": 1.9521647148725654,
        "(36, 1)": 44.688917606384585,
        "(4, 21)": 32.99082041024235,
        "(1, 32)": 2.9445230571329146,
        "(26, 8)": 41.105765766654095,
        "(31, 40)": 36.40811414290167,
        "(44, 3)": 48.61807443708199,
        "(5, 8)": 39.68096259550067,
        "(44, 38)": 42.26270591922592,
        "(8, 33)": 39.82361637679117,
        "(9, 4)": 27.093720651789962,
        "(24, 36)": 24.504499676657048,
        "(41, 30)": 49.17877968988686,
        "(42, 0)": 17.60791962396463,
        "(42, 2)": 29.120455569998608,
        "(37, 26)": 37.55952861104149,
        "(3, 42)": 7.467664378185018,
        "(28, 0)": 41.30634891508411,
        "(25, 10)": 26.169375299365193,
        "(4, 44)": 44.61160612144653,
        "(6, 9)": 49.41972889086068,
        "(35, 30)": 9.575271052815303,
        "(16, 22)": 7.637415476854037,
        "(27, 19)": 48.39573176231251,
        "(28, 46, 2)": 7.208404715278728,
        "(32, 35, 42)": 5.638510317248399,
        "(12, 11, 24)": 22.786453592426042,
        "(31, 17, 6)": 32.15688514166788,
        "(11, 25, 24)": 31.49122243096181,
        "(10, 12, 40)": 21.48128262824965,
        "(9, 24, 21)": 14.832514975095055,
        "(26, 37, 27)": 9.639551841878534,
        "(10, 20, 30)": 24.281038481763044,
        "(23, 4, 0)": 15.102043887133513,
        "(13, 41, 28)": 9.223266142134774,
        "(15, 6, 12)": 23.45052141821757,
        "(40, 20, 7)": 31.10637768412921,
        "(43, 39, 44)": 8.734743234122163,
        "(17, 10, 26)": 4.6543506165224136,
        "(34, 3, 28)": 32.41082839543851,
        "(29, 8, 46)": 15.770905761468878,
        "(21, 36, 40)": 28.788947212175977,
        "(30, 17, 1)": 27.03419540941257,
        "(23, 22, 38)": 9.357300061514842,
        "(46, 4, 21)": 17.03884949743765,