{
    "n_items": 26,
    "gamma": 15,
    "budget": 196.43975782470372,
    "profits": [
        78.61478232797661,
        61.66849324197602,
        55.36368861710559,
        62.10013368895251,
        96.65337431433197,
        96.15191867592287,
        60.7849853127912,
        64.69589375917442,
        63.95526522864918,
        90.53869948983848,
        65.46043790479334,
        90.09017120844555,
        92.78214527468094,
        46.4196261863964,
        71.17653169848047,
        54.56372531870664,
        56.909959634945395,
        40.29927357654829,
        80.05455882908973,
        55.62377026124933,
        97.06631489951454,
        48.93385451319041,
        79.94503095971311,
        42.637915404904504,
        70.48665845844103,
        81.07315456128376
    ],
    "costs": [
        [
            7.263356135385961,
            9.44236297600175
        ],
        [
            42.07056950320208,
            54.691740354162704
        ],
        [
            2.795874145328787,
            4.4733986325260595
        ],
        [
            23.778527863945445,
            45.17920294149634
        ],
        [
            14.484792041538327,
            27.52110487892282
        ],
        [
            7.50571746709052,
            14.260863187471987
        ],
        [
            9.326614817952773,
            17.720568154110268
        ],
        [
            46.366850670150136,
            74.18696107224022
        ],
        [
            6.11239720091139,
            11.61355468173164
        ],
        [
            46.70650951241793,
            88.74236807359406
        ],
        [
            15.61546204331099,
            20.300100656304288
        ],
        [
            32.33359150528615,
            42.033668956872
        ],
        [
            7.105324975150733,
            13.500117452786393
        ],
        [
            23.819341879843833,
            38.110947007750134
        ],
        [
            33.001422929224134,
            42.901849807991375
        ],
        [
            47.71937363800328,
            90.66680991220623
        ],
        [
            2.85956281701002,
            4.575300507216032
        ],
        [
            24.610637554000995,
            31.993828820201294
        ],
        [
            42.156570240434924,
            80.09748345682635
        ],
        [
            16.374595265812633,
            26.199352425300216
        ],
        [
            3.588880175670009,
            5.742208281072014
        ],
        [
            16.379605822205193,
            26.20736931552831
        ],
        [
            44.0978866243863,
            57.32725261170219
        ],
        [
            49.275948914335004,
            93.62430293723651
        ],
        [
            13.38515511938424,
            21.416248191014787
        ],
        [
            10.584704612129384,
            16.935527379407016
        ]
    ],
    "polynomial_gains": {
        "(21, 11)": 30.964051458297313,
        "(8, 16)": 2.988399995569532,
        "(12, 11)": 10.541130178330274,
        "(3, 4)": 8.898610778211781,
        "(20, 1)": 25.311360976407947,
        "(20, 13)": 45.639354873068456,
        "(1, 17)": 12.888275558498435,
        "(20, 15)": 19.070487763310837,
        "(14, 8)": 49.70454569183387,
        "(19, 9)": 44.6902062092257,
        "(5, 8)": 5.393801162283104,
        "(21, 15)": 23.072709000376033,
        "(16, 23)": 4.633769055343483,
        "(18, 16)": 4.241258768542113,
        "(14, 2)": 28.482213763194423,
        "(1, 21)": 23.835043698672084,
        "(10, 18)": 35.19792080299861,
        "(17, 7)": 19.040597633855914,
        "(25, 24)": 16.330160404464984,
        "(14, 16)": 7.790687387701748,
        "(16, 6)": 15.907781069158304,
        "(11, 24)": 7.566298427820252,
        "(12, 7)": 33.80492895527932,
        "(19, 10)": 39.737742196809094,
        "(14, 10)": 12.84150655229595,
        "(7, 12)": 35.92901426432332,
        "(1, 14, 20)": 8.460974911813015,
        "(11, 6, 1)": 13.086733297914611,
        "(14, 7, 4)": 13.491573345619132,
        "(23, 1, 12)": 20.76135152612203,
        "(23, 5, 18)": 18.100729480391347,
        "(5, 19, 24)": 31.722971272911963,
        "(19, 25, 18)": 15.532724616969947,
        "(16, 10, 11)": 8.18509296061635,
        "(15, 10, 9)": 6.396567696315485,
        "(21, 13, 15)": 7.721128784588952,
        "(13, 18, 5)": 32.58838408309286,
        "(2, 5, 12)": 2.076768041111876,
        "(15, 7, 17)": 21.001329896943407,
        "(23, 4, 2, 8)": 4.440708853294057,
        "(11, 3, 1, 15)": 11.198812257412118,
        "(10, 4, 8, 23)": 24.55533457972835,
        "(23, 16, 3, 9)": 21.650255948863133,
        "(15, 13, 1, 20)": 13.251655275591386,
        "(11, 21, 18, 12)": 24.782560493548424,
        "(9, 15, 17, 0)": 3.387230772070951,
        "(24, 16, 11, 8)": 13.77523588719845,
        "(4, 0, 6, 19, 12)": 9.274968612527545,
        "(12, 17, 9, 24, 6)": 7.1217481382313865,
        "(10, 24, 3, 12, 18)": 11.59163302126011,
        "(23, 25, 18, 17, 22)": 16.956581683110528,
        "(0, 14, 11, 13, 20)": 4.662514243960889,
        "(1, 6, 19, 9, 4)": 19.183498069504513,
        "(17, 3, 7, 18, 15, 25)": 15.135770971207915,
        "(24, 11, 7, 23, 9, 1)": 8.804313522188782,
        "(3, 16, 1, 21, 17, 8)": 4.316643820817222,
        "(8, 5, 1, 12, 20, 16)": 11.84207217160394,
        "(4, 8, 18, 1, 10, 13)": 7.658690406216793,
        "(19, 25, 8, 3, 11, 13, 15)": 12.732284597945359,
        "(17, 6, 5, 19, 11, 22, 1)": 14.105731733820027,
        "(0, 4, 7, 21, 3, 23, 25)": 2.6190733096530416,
        "(12, 1, 0, 7, 6, 10, 16)": 9.053623035195361,
        "(23, 11, 24, 19, 1, 4, 22, 9)": 3.9213590399265557,
        "(17, 11, 12, 7, 6, 4, 13, 2)": 8.50389705024665,
        "(17, 12, 16, 0, 25, 1, 20, 23)": 1.3991585067009171,
        "(12, 24, 0, 25, 20, 15, 2, 10, 17)": 1.7231836255999156,
        "(16, 10, 23, 12, 17, 1, 0, 7, 4)": 8.634812056521287,
        "(5, 11, 12, 2, 15, 25, 7, 0, 23)": 1.4699186359034255,
        "(25, 15, 6, 9, 10, 20, 12, 23, 24, 13)": 6.739460146634998,
        "(2, 15, 20, 7, 12, 25, 13, 4, 19, 14)": 2.667343817240286,
        "(7, 22, 17, 15, 24, 9, 4, 23, 18, 6, 5)": 6.480826422867501,
        "(21, 25, 20, 7, 11, 13, 22, 12, 5, 18, 15)": 7.07566709018015,
        "(17, 24, 18, 12, 25, 22, 6, 13, 10, 23, 7, 5)": 5.062882786312586,
        "(23, 4, 18, 10, 25, 16, 24, 20, 21, 13, 3, 7)": 6.709065592481225,
        "(1, 6, 23, 22, 13, 10, 18, 14, 9, 17, 25, 21, 11)": 5.6023920905937645,
        "(22, 24, 17, 16, 21, 13, 12, 18, 23, 9, 5, 11, 3)": 3.207848714797422,
        "(13, 23, 19, 11, 5, 21, 18, 6, 10, 0, 2, 16, 3, 17)": 1.4129938861171416,
        "(16, 14, 25, 1, 15, 8, 22, 13, 3, 21, 7, 24, 12, 10)": 6.929176709282304,
        "(0, 12, 6, 4, 15, 3, 22, 17, 19, 23, 1, 10, 18, 16, 5)": 3.7390705588557163,
        "(0, 1, 15, 2, 6, 3, 5, 17, 8, 16, 4, 10, 24, 22, 23, 20)": 3.4282302672875393,
        "(24, 22, 0, 20, 18, 19, 1, 11, 16, 4, 21, 14, 6, 13, 15, 25, 17)": 1.1234046313440675,
        "(25, 24, 23, 17, 21, 12, 5, 9, 11, 15, 19, 1, 3, 14, 2, 22, 18, 4)": 3.9672332013209384,
        "(9, 22, 15, 6, 24, 20, 5, 19, 8, 14, 17, 16, 2, 11, 10, 23, 25, 13, 21)": 2.407473061695404,
        "(5, 2, 9, 8, 19, 6, 12, 11, 25, 0, 1, 13, 7, 17, 10, 15, 21, 23, 22, 20)": 2.9417259917219107,
        "(9, 3, 12, 25, 13, 8, 6, 18, 17, 10, 14, 4, 21, 23, 11, 16, 22, 2, 24, 1, 15)": 1.948194837057149,
        "(24, 6, 0, 11, 15, 12, 5, 21, 1, 20, 17, 9, 3, 7, 23, 13, 8, 2, 16, 14, 10, 25)": 3.19553219507073,
        "(0, 19, 24, 16, 18, 11, 3, 13, 22, 21, 4, 6, 2, 12, 15, 14, 17, 5, 7, 8, 25, 20, 10)": 2.09902931110107,
        "(12, 13, 17, 16, 6, 23, 0, 10, 21, 14, 8, 4, 22, 3, 1, 18, 24, 9, 7, 19, 25, 20, 11, 2)": 1.9447311032713324,
        "(13, 0, 12, 22, 15, 20, 21, 23, 17, 7, 16, 4, 10, 9, 18, 2, 24, 6, 14, 5, 11, 8, 1, 19, 3)": 2.1282197036476367
    }
}