{
    "n_items": 29,
    "gamma": 20,
    "budget": 391.5702870058549,
    "profits": [
        41.939674193435806,
        94.9704697671068,
        71.49088396098571,
        52.84407419568883,
        81.86131373269367,
        59.76755340926033,
        40.914133309215295,
        59.13092785799944,
        43.5397749766457,
        74.63889754903835,
        61.24399843046996,
        77.826690680665,
        52.145095551131064,
        49.01076216405748,
        45.05080410425089,
        42.99596980493675,
        93.59719244440667,
        51.628026966602214,
        65.60640871054014,
        59.09939076077458,
        76.74261491121416,
        49.20442195954357,
        48.51068631966767,
        63.27378723364365,
        72.97095956269709,
        67.7647388512422,
        47.51049398861723,
        76.9265712565109,
        41.556167289301406
    ],
    "costs": [
        [
            33.0393197278469,
            52.86291156455505
        ],
        [
            11.320336295941333,
            14.716437184723734
        ],
        [
            16.987015052649603,
            27.179224084239365
        ],
        [
            32.29327448524944,
            51.66923917639911
        ],
        [
            21.24779373398391,
            27.622131854179084
        ],
        [
            34.70317436986175,
            45.11412668082028
        ],
        [
            29.04733995351015,
            46.47574392561624
        ],
        [
            4.640208578600225,
            7.42433372576036
        ],
        [
            24.89622827192033,
            32.36509675349643
        ],
        [
            26.0336787269262,
            33.843782345004065
        ],
        [
            6.245767240404499,
            9.9932275846472
        ],
        [
            43.48348340205104,
            82.61861846389698
        ],
        [
            49.82328197583648,
            64.77026656858743
        ],
        [
            14.33952667565871,
            18.641384678356324
        ],
        [
            16.75237670051211,
            21.778089710665743
        ],
        [
            27.84537872091474,
            52.906219569738006
        ],
        [
            37.623942927101346,
            48.911125805231755
        ],
        [
            34.059639484925,
            64.7133150213575
        ],
        [
            41.047281710729514,
            65.67565073716723
        ],
        [
            25.618269257142632,
            40.989230811428214
        ],
        [
            11.633445670121896,
            18.613513072195033
        ],
        [
            28.12937714704541,
            36.568190291159034
        ],
        [
            48.3173182635254,
            62.81251374258302
        ],
        [
            5.664657180914491,
            7.364054335188839
        ],
        [
            45.327993652780435,
            86.12318794028282
        ],
        [
            45.28502705345725,
            86.04155140156877
        ],
        [
            14.99286801271081,
            23.9885888203373
        ],
        [
            37.34726261503773,
            70.95979896857168
        ],
        [
            15.395307124350406,
            29.25108353626577
        ]
    ],
    "polynomial_gains": {
        "(7, 24)": 35.30328228879114,
        "(27, 11)": 32.02559987939924,
        "(1, 11)": 6.911107369623865,
        "(14, 20)": 10.350348889043326,
        "(22, 5)": 13.182996776745151,
        "(18, 25)": 8.688233490558495,
        "(21, 11)": 16.03127542962075,
        "(17, 6)": 13.479893842699502,
        "(28, 0)": 7.918653311842431,
        "(22, 3)": 41.98363064233237,
        "(8, 25)": 6.393159610771595,
        "(14, 1)": 8.544934859334852,
        "(4, 17)": 5.408689279694888,
        "(3, 22)": 3.9099374738709187,
        "(13, 20)": 3.995229851312535,
        "(25, 21)": 27.04475786330883,
        "(28, 12)": 36.67773883453606,
        "(0, 26)": 22.771500761217496,
        "(3, 21)": 42.26015896712095,
        "(9, 22)": 40.004892844035346,
        "(25, 28)": 49.797508395380184,
        "(11, 25)": 45.37495799089779,
        "(13, 27)": 49.118891339117695,
        "(7, 28)": 21.62945577641953,
        "(21, 4)": 35.57975966415068,
        "(8, 9)": 9.057668137424677,
        "(16, 14)": 20.392199765436835,
        "(0, 3)": 35.47748374139461,
        "(26, 27, 8)": 3.5599460080096543,
        "(23, 8, 2)": 28.612916772999455,
        "(5, 0, 15)": 32.232860234085976,
        "(13, 5, 18)": 27.244423223727228,
        "(12, 1, 13)": 31.892118367818743,
        "(9, 5, 11)": 14.922582520791341,
        "(20, 11, 23)": 30.26531267131395,
        "(19, 4, 14)": 27.483184167529423,
        "(11, 16, 14)": 17.015514073324947,
        "(21, 12, 10)": 11.195831420854747,
        "(11, 16, 15)": 7.407192309029462,
        "(21, 25, 6)": 5.344152443814733,
        "(16, 6, 24)": 7.781244085587101,
        "(15, 14, 25)": 23.36465062877281,
        "(3, 0, 14, 2)": 14.500153650192573,
        "(8, 19, 6, 12)": 7.77984648008808,
        "(6, 0, 23, 19)": 13.861910550795608,
        "(0, 24, 14, 13)": 3.4936349882790205,
        "(13, 4, 12, 20)": 16.925624044436354,
        "(15, 12, 17, 28)": 13.093537943403371,
        "(21, 25, 2, 18)": 17.92522939517453,
        "(9, 8, 15, 1)": 13.520190785613632,
        "(13, 18, 16, 12)": 2.440456769823177,
        "(1, 0, 26, 22, 6)": 16.84364212084776,
        "(13, 23, 3, 27, 7)": 4.302324705328273,
        "(20, 7, 10, 28, 27)": 11.898782461318765,
        "(1, 16, 19, 6, 26)": 14.852889520141519,
        "(13, 14, 11, 3, 20)": 1.5337106320319167,
        "(9, 16, 20, 28, 21)": 5.238970541877939,
        "(4, 17, 16, 20, 27)": 5.207238951775286,
        "(12, 18, 7, 14, 17, 25)": 7.909878384823519,
        "(4, 7, 2, 3, 18, 17)": 6.385414252414073,
        "(18, 11, 2, 23, 21, 20)": 15.174622816741467,
        "(17, 9, 26, 11, 8, 22)": 7.117850602475683,
        "(3, 28, 1, 9, 21, 8)": 7.7134619460560145,
        "(14, 7, 13, 8, 12, 20, 5)": 12.212830063800942,
        "(7, 0, 6, 20, 16, 28, 5)": 8.752207389737,
        "(4, 23, 0, 26, 1, 25, 18)": 1.077876901992009,
        "(9, 0, 21, 17, 20, 7, 8)": 4.215964073910237,
        "(21, 0, 4, 25, 9, 14, 28, 3)": 4.488319549446014,
        "(0, 14, 5, 15, 22, 23, 3, 16)": 11.669560093915925,
        "(23, 7, 3, 25, 22, 12, 10, 26)": 8.587043309928932,
        "(27, 0, 5, 12, 9, 8, 4, 10)": 4.313239729530505,
        "(16, 11, 9, 28, 2, 21, 23, 10, 6)": 6.835068521913891,
        "(9, 22, 6, 28, 1, 2, 24, 15, 10)": 3.969146433874818,
        "(15, 3, 5, 26, 0, 18, 1, 14, 10)": 6.14758875213024,
        "(15, 12, 23, 16, 14, 24, 28, 10, 3, 11)": 9.821770558811927,
        "(0, 17, 19, 13, 24, 11, 3, 6, 27, 8)": 3.415031482455935,
        "(2, 10, 21, 11, 13, 18, 9, 27, 22, 17)": 9.98025873677538,
        "(23, 13, 26, 4, 18, 5, 1, 9, 28, 2, 20)": 6.448142875343047,
        "(7, 6, 25, 10, 28, 0, 5, 24, 19, 18, 3)": 8.207521808957267,
        "(15, 28, 12, 0, 5, 23, 18, 13, 19, 8, 10, 20)": 3.414031205944767,
        "(22, 10, 19, 5, 2, 13, 3, 6, 20, 21, 17, 24)": 3.2315105941589244,
        "(25, 22, 18, 24, 14, 28, 1, 10, 11, 12, 16, 21, 27)": 5.481459959433433,
        "(19, 11, 0, 1, 2, 24, 16, 25, 14, 17, 18, 3, 27)": 1.5622176109495836,
        "(2, 0, 9, 12, 18, 17, 6, 16, 25, 7, 15, 28, 19, 13)": 5.488587047564663,
        "(11, 1, 7, 19, 20, 9, 15, 12, 22, 24, 25, 28, 16, 6)": 1.5193906286063472,
        "(17, 11, 28, 25, 4, 13, 27, 15, 16, 21, 19, 9, 20, 23, 22)": 4.850326162313646,
        "(23, 8, 2, 26, 25, 20, 7, 11, 17, 13, 10, 5, 24, 1, 4)": 4.124736934100927,