{
    "n_items": 30,
    "gamma": 20,
    "budget": 434.4144821747954,
    "profits": [
        46.11628407043963,
        66.17078437009093,
        86.9283619832772,
        84.13118189258157,
        99.3710483144685,
        56.5082330990941,
        77.06266189951145,
        92.28108561673196,
        54.775306620442606,
        42.35465699224327,
        56.87872288488819,
        60.32965777931428,
        90.76909776718597,
        93.18503160516907,
        94.08326020840965,
        45.78658066448935,
        83.97998962688445,
        57.42225686958008,
        72.3634151718307,
        87.88243708816083,
        42.29089846465467,
        77.41616217824529,
        93.66548141036881,
        66.9775010955625,
        61.73544253821069,
        88.86750421832032,
        48.22108787973098,
        44.807854949288505,
        47.682408676307,
        79.99186714500355
    ],
    "costs": [
        [
            36.79683071993973,
            47.835879935921646
        ],
        [
            21.89794130518386,
            28.46732369673902
        ],
        [
            16.00656481658529,
            30.41247315151205
        ],
        [
            22.79344628733667,
            36.46951405973868
        ],
        [
            16.22035813274694,
            25.952573012395106
        ],
        [
            35.95469565819956,
            46.74110435565943
        ],
        [
            16.762624556706903,
            26.820199290731047
        ],
        [
            24.859435626701035,
            47.23292769073196
        ],
        [
            32.518918230350415,
            42.274593699455544
        ],
        [
            6.131348839732567,
            7.970753491652338
        ],
        [
            29.088473910982263,
            37.81501608427694
        ],
        [
            40.7331452189214,
            65.17303235027424
        ],
        [
            25.801938019228302,
            49.02368223653377
        ],
        [
            48.59965388884883,
            63.179550055503476
        ],
        [
            29.506932343763214,
            38.35901204689218
        ],
        [
            28.32028841016605,
            45.31246145626568
        ],
        [
            42.62395926196876,
            80.98552259774064
        ],
        [
            36.824895073419185,
            58.9198321174707
        ],
        [
            4.876041080504626,
            9.264478052958788
        ],
        [
            19.82033029604521,
            31.712528473672336
        ],
        [
            14.573157104183123,
            23.317051366692997
        ],
        [
            45.91319439838618,
            73.4611110374179
        ],
        [
            46.405294467759305,
            88.17005948874268
        ],
        [
            43.25191497466629,
            69.20306395946606
        ],
        [
            13.114568251135076,
            24.91767967715664
        ],
        [
            18.568283838798074,
            24.138768990437498
        ],
        [
            47.2630995368349,
            89.7998891199863
        ],
        [
            42.08229023791455,
            79.95635145203764
        ],
        [
            35.17465481288792,
            45.7270512567543
        ],
        [
            26.344685049694498,
            42.1514960795112
        ]
    ],
    "polynomial_gains": {
        "(8, 7)": 48.32667681247989,
        "(24, 8)": 29.857892169192727,
        "(9, 20)": 16.96814175007203,
        "(22, 20)": 34.41321071287736,
        "(1, 8)": 18.89547684018999,
        "(20, 2)": 29.217627051299324,
        "(17, 23)": 33.397342267588165,
        "(18, 26)": 46.824013474040584,
        "(14, 17)": 33.58439484287083,
        "(19, 5)": 38.91439888830907,
        "(29, 19)": 12.887715428343403,
        "(16, 0)": 41.07847749560227,
        "(5, 11)": 39.841882763611636,
        "(23, 11)": 27.167459261626988,
        "(19, 15)": 8.502034579492028,
        "(19, 27)": 11.395032560106554,
        "(16, 20)": 49.66231095860943,
        "(23, 24)": 42.626026341351825,
        "(25, 28)": 33.57081820682707,
        "(18, 22)": 10.833042597980132,
        "(17, 22)": 8.233157782502133,
        "(25, 21)": 32.76592239302454,
        "(21, 29)": 32.827939365878564,
        "(3, 13)": 48.37921545591214,
        "(1, 18)": 9.612508432449514,
        "(16, 17)": 14.075289340142161,
        "(7, 16)": 5.980333246567536,
        "(18, 7)": 5.323992708142326,
        "(6, 23, 10)": 11.693655305318519,
        "(3, 16, 27)": 13.381568422119958,
        "(5, 2, 28)": 28.985750789453324,
        "(20, 19, 23)": 11.153356622719345,
        "(12, 28, 21)": 5.248616278980304,
        "(22, 3, 18)": 25.647657886394626,
        "(22, 9, 5)": 9.588789022438736,
        "(15, 28, 17)": 23.155557251583705,
        "(6, 1, 5)": 2.3022995116886813,
        "(4, 14, 5)": 25.619573296788946,
        "(12, 18, 0)": 19.057641446696874,
        "(24, 22, 18)": 14.379515471579236,
        "(24, 14, 4)": 30.86194020082292,
        "(16, 10, 15)": 13.620506991357182,
        "(12, 5, 21)": 24.130425645052828,
        "(20, 12, 6, 14)": 1.350428518763299,
        "(25, 18, 16, 4)": 23.663718157135047,
        "(2, 5, 25, 21)": 7.932418580033105,
        "(25, 0, 24, 19)": 3.4969894323732458,
        "(7, 16, 21, 6)": 13.994709391717365,
        "(11, 15, 12, 5)": 20.86335491011534,
        "(23, 8, 19, 14)": 17.54021287800672,
        "(28, 17, 16, 10)": 15.331764624918904,
        "(12, 5, 6, 24)": 9.805415970556865,
        "(14, 10, 6, 15)": 18.002425388769133,
        "(17, 12, 16, 4, 22)": 6.885187425222653,
        "(8, 18, 9, 15, 20)": 16.581987067541675,
        "(29, 11, 15, 4, 24)": 2.0279797307143874,
        "(14, 7, 23, 19, 27)": 14.823621271029227,
        "(9, 21, 10, 25, 5)": 1.6110474508828037,
        "(4, 25, 23, 2, 7)": 13.234466190281745,
        "(8, 2, 1, 28, 12)": 10.904358115797056,
        "(1, 17, 11, 14, 15, 7)": 13.789734726817649,
        "(0, 21, 22, 18, 29, 11)": 11.771127295177044,
        "(6, 17, 18, 10, 26, 7)": 8.287018422518866,
        "(28, 22, 15, 9, 0, 17)": 9.50720803600582,
        "(10, 21, 11, 24, 12, 20)": 4.164864726589087,
        "(4, 17, 9, 27, 10, 18)": 4.791550059730646,
        "(12, 4, 29, 16, 7, 24, 18)": 11.765976474955096,
        "(29, 14, 20, 13, 24, 4, 10)": 6.021082690802651,
        "(17, 28, 18, 10, 7, 27, 16)": 2.9485029977250434,
        "(0, 9, 17, 25, 16, 5, 8)": 14.06995496306421,
        "(0, 1, 14, 3, 9, 24, 10)": 11.730832739977613,
        "(7, 14, 11, 1, 24, 5, 13, 2)": 2.6199637493181873,
        "(27, 1, 24, 11, 9, 23, 0, 18)": 2.310912064450248,
        "(17, 8, 18, 16, 21, 12, 2, 10)": 11.446751278117834,
        "(14, 26, 27, 3, 24, 12, 1, 20)": 1.1655225881586833,
        "(21, 14, 28, 20, 27, 29, 17, 5, 7)": 10.4337653461146,
        "(13, 5, 20, 28, 8, 22, 26, 21, 11)": 6.993036127406344,
        "(10, 9, 24, 7, 3, 15, 18, 12, 23)": 5.731505998606833,
        "(5, 21, 18, 22, 27, 26, 0, 11, 23, 17)": 3.549792802415948,
        "(20, 12, 17, 26, 13, 1, 9, 23, 3, 0)": 1.5522910254283293,
        "(25, 3, 22, 9, 8, 11, 24, 29, 0, 1)": 6.561162432570733,
        "(20, 23, 26, 14, 5, 11, 15, 21, 4, 10, 9)": 8.912888505892195,
        "(18, 0, 13, 23, 4, 7, 24, 15, 8, 25, 16)": 8.621306977013134,
        "(10, 8, 17, 16, 4, 18, 27, 6, 19, 12, 1)": 8.069348147939156,
        "(26, 1, 27, 5, 13, 29, 7, 16, 25, 15, 2, 10)": 1.0833151798105343,
        "(17, 27, 28, 23, 10, 5, 16, 6, 11, 2, 18, 26)": 1.5880115009867748,
        "(9, 17, 26, 13, 0, 28, 4, 15, 1, 8, 7, 12, 27)": 7.63203514797747,
        "(23, 16, 21, 4, 1, 20, 22, 17, 5, 19, 6, 0, 2)": 4.512853717442111,
        "(4, 17, 16, 13, 26, 8, 14, 19, 2, 10, 7, 12, 29, 21)": 5.491271065260649,
        "(20, 22, 29, 10, 17, 8, 3, 23, 6, 11, 18, 27, 9, 19)": 1.1974521806719576,
        "(29, 28, 12, 24, 7, 8, 14, 27, 3, 9, 26, 6, 23, 19, 13)": 4.29767298615823,