{
    "n_items": 31,
    "gamma": 11,
    "budget": 342.71590118636976,
    "profits": [
        50.29332224370195,
        75.77461707634137,
        46.716692760541335,
        70.78347471346981,
        67.54171339425027,
        85.4593093839376,
        55.71596693467893,
        86.35618745762577,
        99.62078380676536,
        94.050706694784,
        88.38923449695933,
        59.35964210023306,
        68.7993319122156,
        99.14546509722922,
        64.3347691785284,
        66.24590398923476,
        65.09403988856502,
        98.15556168105194,
        91.20551331750401,
        42.73662405050829,
        79.24625201237531,
        94.74552228288513,
        43.17658749001283,
        76.74396475868224,
        67.82802724012814,
        80.60317717169605,
        45.678167055946965,
        80.35952666681486,
        39.08411714826651,
        78.88142838183776,
        96.9265995760986
    ],
    "costs": [
        [
            3.6188039831516114,
            6.875727567988061
        ],
        [
            25.81789943482834,
            41.30863909572535
        ],
        [
            11.367048574764846,
            14.777163147194301
        ],
        [
            42.68545574645411,
            55.49109247039034
        ],
        [
            37.52371766365413,
            60.037948261846616
        ],
        [
            36.2064954883614,
            57.93039278137824
        ],
        [
            10.91989382150273,
            14.195861967953551
        ],
        [
            16.38695183257105,
            21.303037382342367
        ],
        [
            11.059880662830434,
            21.013773259377825
        ],
        [
            26.042408897116097,
            41.66785423538576
        ],
        [
            31.54299709619051,
            59.93169448276197
        ],
        [
            17.850737085044287,
            23.205958210557572
        ],
        [
            36.56400493510023,
            58.50240789616037
        ],
        [
            4.952577914563367,
            9.409898037670397
        ],
        [
            7.3029284684897275,
            9.493807009036646
        ],
        [
            48.27992504885231,
            77.2478800781637
        ],
        [
            25.63682112616458,
            48.7099601397127
        ],
        [
            18.957411756992595,
            24.644635284090374
        ],
        [
            16.08179310870638,
            30.555406906542117
        ],
        [
            44.792712853741456,
            58.230526709863895
        ],
        [
            11.741329193945695,
            15.263727952129404
        ],
        [
            17.22371741263377,
            32.72506308400416
        ],
        [
            2.7148982782024875,
            5.158306728584726
        ],
        [
            18.51851731929203,
            35.18518290665486
        ],
        [
            23.405621319557866,
            44.47068050715995
        ],
        [
            9.832035032788616,
            15.731256052461786
        ],
        [
            32.60718643408988,
            61.95365422477077
        ],
        [
            24.874770578080533,
            39.79963292492886
        ],
        [
            24.87701662685978,
            32.34012161491772
        ],
        [
            33.22644254431797,
            43.19437530761336
        ],
        [
            12.819802133890704,
            16.665742774057914
        ]
    ],
    "polynomial_gains": {
        "(13, 4)": 13.166546503341888,
        "(11, 18)": 43.26953925656458,
        "(23, 3)": 35.598805546259,
        "(11, 17)": 45.00865333848253,
        "(2, 11)": 6.838987941824166,
        "(23, 26)": 11.567344565328787,
        "(29, 23)": 16.362234514127525,
        "(19, 18)": 35.57542528586994,
        "(27, 23)": 34.80680806915615,
        "(6, 22)": 29.909498425994762,
        "(11, 25)": 7.830381041468977,
        "(14, 26)": 28.806949147291082,
        "(16, 21)": 45.171727753846795,
        "(4, 30)": 38.138088015652194,
        "(15, 10)": 41.97263118312152,
        "(11, 7)": 26.892640893227956,
        "(19, 23)": 19.158341118932945,
        "(12, 30)": 30.377776537804063,
        "(1, 11)": 15.401344238789337,
        "(9, 21)": 47.98169739337983,
        "(19, 30)": 31.145338502004947,
        "(30, 7)": 2.791942287608337,
        "(6, 28)": 34.6731778843411,
        "(9, 29)": 15.01112244346709,
        "(19, 25)": 13.741110080422416,
        "(23, 0)": 36.27857103884538,
        "(27, 14)": 30.46938006994328,
        "(30, 27)": 1.1496756248653455,
        "(2, 29)": 31.992599337067887,
        "(1, 17)": 18.34634004255755,
        "(1, 7, 26)": 27.309938531285486,
        "(20, 8, 28)": 7.987138870788838,
        "(11, 13, 29)": 23.7799181478413,
        "(26, 6, 7)": 30.92673426116514,
        "(9, 16, 8)": 20.174303327421676,
        "(27, 24, 25)": 8.735581673256235,
        "(7, 12, 4)": 5.555093783954615,
        "(26, 9, 18)": 17.812981752604507,
        "(19, 18, 17)": 26.090101062459063,
        "(30, 10, 25)": 28.494034259891716,
        "(27, 13, 29)": 16.498175202602805,
        "(18, 4, 15)": 29.282535147882168,
        "(25, 17, 11)": 11.239204117413323,
        "(27, 29, 10)": 21.00969965938628,
        "(2, 15, 21)": 17.678090082393794,
        "(13, 24, 29, 11)": 20.783870967035188,
        "(22, 25, 8, 23)": 16.480566948177977,
        "(4, 17, 13, 12)": 19.829110253622765,
        "(15, 18, 6, 24)": 1.6731912960968103,
        "(13, 4, 14, 2)": 11.990747248331518,
        "(12, 20, 30, 19)": 9.193395778277594,
        "(10, 24, 12, 8)": 1.921511221249169,
        "(7, 13, 15, 23)": 1.771649860030995,
        "(29, 2, 7, 27)": 2.4674924236640416,
        "(11, 26, 9, 22)": 5.01034997933364,
        "(1, 24, 10, 14, 21)": 13.291243356139283,
        "(4, 22, 7, 24, 21)": 16.224288587549886,
        "(19, 15, 10, 0, 9)": 2.409125823006618,
        "(20, 16, 10, 8, 23)": 8.659488516862421,
        "(8, 6, 22, 19, 26)": 14.525606035139067,
        "(27, 15, 18, 13, 7)": 12.474748214463535,
        "(1, 6, 17, 10, 5)": 17.954496094947743,
        "(26, 30, 29, 19, 13, 17)": 5.711215771826787,
        "(16, 30, 20, 12, 9, 19)": 14.832742096689216,
        "(23, 5, 12, 1, 11, 30)": 10.697274167606864,
        "(22, 14, 30, 21, 3, 15)": 3.889706944042849,
        "(19, 13, 1, 28, 0, 9)": 10.82492282073952,
        "(22, 17, 24, 26, 28, 19)": 2.9603219116751553,
        "(20, 16, 24, 17, 7, 10, 28)": 5.930929174030437,
        "(9, 5, 24, 19, 13, 17, 22)": 1.2363211835328067,
        "(29, 18, 12, 28, 26, 11, 24)": 2.1363216548055566,
        "(23, 4, 21, 12, 16, 25, 19)": 4.006250526453282,
        "(21, 29, 5, 9, 30, 6, 26)": 3.201886981727341,
        "(26, 11, 28, 25, 6, 9, 18, 7)": 9.351731459292676,
        "(13, 26, 30, 23, 16, 11, 19, 1)": 8.893821153449341,
        "(0, 10, 1, 7, 14, 21, 2, 5)": 1.1631896734342504,
        "(8, 10, 16, 0, 9, 28, 17, 7)": 10.906891668262665,
        "(17, 28, 12, 29, 3, 13, 4, 8, 0)": 4.898450347628035,
        "(14, 30, 11, 10, 5, 29, 7, 15, 9)": 6.594969229498091,
        "(8, 21, 9, 29, 12, 14, 7, 4, 22)": 3.185943663209548,
        "(2, 0, 16, 28, 19, 27, 10, 29, 7, 17)": 6.208066028347501,
        "(14, 17, 18, 7, 10, 16, 19, 8, 3, 1)": 3.690840060332567,
        "(24, 29, 2, 27, 14, 22, 28, 25, 10, 9)": 1.626303205724807,
        "(26, 2, 18, 13, 29, 19, 12, 30, 23, 20, 4)": 4.2472544566025645,
        "(7, 11, 26, 1, 6, 22, 9, 24, 17, 14, 29)": 8.218121549183355,
        "(8, 28, 7, 22, 11, 23, 0, 24, 30, 2, 5)": 7.628679392263663,
        "(9, 20, 12, 18, 11, 3, 29, 17, 30, 8, 1, 4)": 6.94553713339761,
        "(26, 17, 21, 10, 22, 2, 19, 27, 1, 4, 30, 24)": 5.877127747113914,
        "(5, 24, 29, 11, 9, 10, 15, 17, 13, 12, 18, 22, 3)": 6.620675004754086,
        "(14, 26, 3, 6, 28, 20, 9, 4, 15, 5, 1, 12, 21)": 7.647157236831052,