{
    "n_items": 33,
    "gamma": 24,
    "budget": 448.442475043501,
    "profits": [
        52.849983416736535,
        86.56218247753063,
        39.872135937857,
        79.17975822222617,
        63.979632846999465,
        74.61298410223995,
        81.38051906331162,
        60.053929193040375,
        56.28622734004564,
        79.66292237830743,
        90.5349359624084,
        65.6972109445457,
        45.125627862800684,
        77.93805896686689,
        75.78153547325726,
        62.03642921179973,
        40.510261647791445,
        80.66712245899691,
        52.744937222109336,
        72.88715394653558,
        84.8244611049638,
        75.37927831138884,
        64.59605904786463,
        59.35085460402878,
        58.934464503043884,
        65.652535175781,
        44.952399292073046,
        71.15372234538215,
        50.54247966414595,
        86.94267384383264,
        68.80658180337224,
        87.2206576390907,
        67.5021714380541
    ],
    "costs": [
        [
            47.99081847590605,
            76.7853095614497
        ],
        [
            25.61713879978233,
            48.67256371958643
        ],
        [
            1.7316427103072853,
            2.251135523399471
        ],
        [
            38.40008934883722,
            49.92011615348839
        ],
        [
            26.297366134679443,
            42.07578581548711
        ],
        [
            36.76613894941618,
            47.79598063424104
        ],
        [
            47.50308623946152,
            61.75401211129997
        ],
        [
            41.16822697602736,
            78.21963125445198
        ],
        [
            35.96105121508097,
            57.53768194412956
        ],
        [
            5.873589854794377,
            9.397743767671003
        ],
        [
            49.67853877167615,
            79.48566203468185
        ],
        [
            19.428319912880337,
            25.256815886744437
        ],
        [
            42.17778369761402,
            54.831118806898225
        ],
        [
            19.8912984111222,
            37.79346698113218
        ],
        [
            18.55734906002429,
            24.12455377803158
        ],
        [
            4.764691808503427,
            7.623506893605484
        ],
        [
            27.048639536220733,
            43.27782325795317
        ],
        [
            6.517693529192497,
            10.428309646707996
        ],
        [
            8.47346685329141,
            11.015506909278832
        ],
        [
            23.807637780664162,
            45.23451178326191
        ],
        [
            44.5617179651983,
            71.29874874431728
        ],
        [
            49.52506660519877,
            94.09762654987765
        ],
        [
            39.18617776989718,
            62.69788443183549
        ],
        [
            43.10745863526809,
            56.039696225848516
        ],
        [
            38.96042812771776,
            74.02481344266374
        ],
        [
            21.367759039184843,
            40.5987421744512
        ],
        [
            8.758038763151529,
            11.385450392096988
        ],
        [
            18.387845991876755,
            34.936907384565835
        ],
        [
            33.77530950935441,
            64.17308806777338
        ],
        [
            6.737570593133541,
            12.801384126953728
        ],
        [
            7.485573834388784,
            11.976918135022055
        ],
        [
            15.531931028907517,
            29.51066895492428
        ],
        [
            41.84550415824252,
            54.39915540571528
        ]
    ],
    "polynomial_gains": {
        "(25, 5)": 46.81289217996925,
        "(5, 1)": 3.4931120973461467,
        "(1, 4)": 10.25373255979892,
        "(4, 14)": 34.356059046484134,
        "(8, 2)": 10.349343131748551,
        "(26, 13)": 41.97797601939014,
        "(7, 23)": 44.98383006353927,
        "(19, 14)": 5.474329594618887,
        "(9, 6)": 48.08114177778045,
        "(13, 4)": 18.01598375107114,
        "(22, 16)": 9.89663123845405,
        "(8, 24)": 48.41685924877168,
        "(2, 7)": 46.37606520252126,
        "(17, 20)": 38.66591807325272,
        "(30, 22)": 5.427191982401883,
        "(29, 21)": 1.4220868993815237,
        "(32, 18)": 40.79943241149181,
        "(24, 26)": 26.4890130440407,
        "(20, 18)": 21.894726448921148,
        "(1, 15)": 23.671976686471744,
        "(14, 24)": 35.427287393648655,
        "(24, 13)": 31.188587896423545,
        "(7, 6)": 15.717665789732415,
        "(17, 26)": 29.616076515190745,
        "(11, 24)": 20.29465936017651,
        "(20, 0)": 37.908819819612965,
        "(5, 10)": 46.037703388691355,
        "(3, 11)": 11.852991405716958,
        "(5, 4)": 11.612590118154007,
        "(18, 15)": 34.75924834391888,
        "(0, 26)": 14.575326160222318,
        "(27, 10)": 25.29523545375202,
        "(0, 29)": 24.029885888510027,
        "(17, 2, 7)": 17.60882470428214,
        "(14, 3, 31)": 16.226641759792095,
        "(1, 26, 9)": 19.91951840754256,
        "(12, 9, 14)": 12.491717790820454,
        "(13, 0, 21)": 7.568255287380412,
        "(17, 19, 27)": 25.008349494215675,
        "(16, 27, 6)": 15.91843957942029,
        "(14, 19, 8)": 4.958247977926868,
        "(32, 6, 16)": 5.751649644868075,
        "(19, 2, 17)": 13.060455393360375,
        "(7, 0, 31)": 32.813055563012185,
        "(0, 32, 1)": 32.948719458226165,
        "(15, 32, 1)": 6.8750851087587215,
        "(15, 21, 9)": 6.860825613800754,
        "(16, 11, 32)": 18.422417331384025,
        "(27, 9, 3)": 5.293057584521741,
        "(28, 21, 19, 25)": 6.667784774982906,
        "(22, 10, 11, 27)": 11.299694302666378,
        "(9, 23, 8, 16)": 14.81487329713434,
        "(14, 12, 2, 5)": 8.242358703191202,
        "(19, 6, 16, 3)": 4.032644694199203,
        "(3, 10, 28, 19)": 20.900235201703172,
        "(8, 29, 2, 18)": 6.481697061487054,
        "(31, 23, 30, 32)": 4.0855440911288365,
        "(20, 14, 8, 13)": 11.405695841961705,
        "(29, 8, 1, 16)": 16.17212392271899,
        "(0, 27, 7, 23)": 24.854784362908518,
        "(17, 30, 4, 29, 28)": 14.03539577386265,
        "(4, 7, 13, 23, 28)": 10.263240278335065,
        "(31, 15, 30, 0, 20)": 3.671143858976332,
        "(10, 18, 19, 8, 31)": 18.523387988784012,
        "(31, 4, 9, 24, 28)": 4.587614490507145,
        "(28, 6, 22, 7, 27)": 8.142160769196895,
        "(7, 29, 25, 4, 0)": 19.459635315906105,
        "(20, 3, 10, 27, 23)": 9.276183263516703,
        "(16, 22, 10, 26, 27, 9)": 10.98527243702068,
        "(21, 24, 19, 15, 12, 27)": 5.61746834927167,
        "(18, 8, 0, 7, 6, 25)": 7.8009208231221265,
        "(11, 10, 25, 26, 22, 28)": 5.701610535924578,
        "(18, 16, 29, 7, 4, 0)": 15.08721447200166,
        "(28, 1, 16, 8, 7, 31)": 9.919652774973972,
        "(3, 27, 11, 2, 4, 18, 29)": 11.27379717758093,
        "(19, 15, 4, 11, 1, 25, 27)": 7.316537086463835,
        "(25, 8, 32, 28, 5, 6, 7)": 4.323990878054614,
        "(9, 3, 23, 25, 24, 29, 21)": 11.086393135419893,
        "(10, 1, 3, 11, 27, 0, 8)": 7.619624883824456,
        "(16, 3, 19, 12, 10, 28, 4, 5)": 6.456014094465686,
        "(16, 9, 15, 13, 8, 10, 21, 12)": 4.130121151669612,
        "(11, 19, 7, 17, 0, 1, 21, 9)": 6.603930518593773,
        "(6, 8, 28, 24, 22, 0, 4, 16)": 10.79226104581399,
        "(17, 0, 4, 29, 9, 25, 13, 26, 12)": 2.962363219969747,
        "(24, 5, 0, 3, 19, 31, 9, 26, 2)": 2.170368969233388,
        "(26, 24, 7, 10, 25, 2, 4, 12, 3)": 3.331245120775012,
        "(8, 19, 15, 12, 27, 29, 17, 25, 10)": 5.228081419326303,
        "(0, 21, 9, 5, 25, 7, 29, 20, 26, 19)": 8.110605901537973,
        "(9, 31, 30, 28, 0, 24, 8, 29, 10, 7)": 8.470117831741423,
        "(13, 11, 28, 30, 1, 18, 5, 25, 20, 19)": 9.890376101317898,
        "(21, 3, 19, 2, 0, 18, 1, 25, 17, 9, 12)": 8.991365576583735,