{
    "n_items": 36,
    "gamma": 24,
    "budget": 442.4655789066463,
    "profits": [
        57.25012894285125,
        99.32068418026921,
        50.00505645857459,
        92.19628693319757,
        61.744621934199145,
        47.79710031935756,
        80.01109826428907,
        65.08765266794349,
        83.54930644214699,
        96.8739889076104,
        76.89321055276352,
        53.1591137440366,
        67.18986852095505,
        99.1023480686759,
        81.7842232198527,
        73.6702731078737,
        61.65928442468783,
        68.67037077101091,
        67.59550982022682,
        73.18309595278114,
        89.58276810278474,
        78.40293448849911,
        61.63697361586887,
        48.530982333389886,
        58.83543104485254,
        60.870939001843375,
        48.851270224922644,
        84.96621554314542,
        52.2801967391656,
        46.22658277560433,
        78.24781898265189,
        82.75677709947095,
        48.238822863812416,
        51.03682156411486,
        78.02763697247963,
        57.973706051794686
    ],
    "costs": [
        [
            4.903984261474668,
            7.846374818359469
        ],
        [
            3.04308300099708,
            5.7818577018944515
        ],
        [
            10.24149620522444,
            13.313945066791772
        ],
        [
            27.98878504318358,
            44.78205606909373
        ],
        [
            31.630371346788998,
            41.119482750825696
        ],
        [
            19.00058371303493,
            24.70075882694541
        ],
        [
            23.346397388394912,
            44.35815503795033
        ],
        [
            49.91713342386571,
            64.89227345102542
        ],
        [
            30.740423398011586,
            39.962550417415066
        ],
        [
            23.058739477174583,
            36.893983163479334
        ],
        [
            44.36304138328432,
            57.67195379826962
        ],
        [
            1.0844576303484221,
            2.060469497662002
        ],
        [
            22.943639935102485,
            36.709823896163975
        ],
        [
            29.009706754328974,
            37.712618780627665
        ],
        [
            24.123124779667503,
            45.833937081368255
        ],
        [
            38.7728468648088,
            73.66840904313672
        ],
        [
            24.631308444853076,
            39.41009351176493
        ],
        [
            30.028601094759505,
            48.04576175161521
        ],
        [
            6.629463868718307,
            10.607142189949293
        ],
        [
            44.72749701529874,
            71.56399522447798
        ],
        [
            19.250709197810153,
            25.025921957153198
        ],
        [
            6.428665959349072,
            10.285865534958516
        ],
        [
            27.46095222732796,
            52.175809231923125
        ],
        [
            43.12500956928301,
            81.93751818163771
        ],
        [
            40.41939653107736,
            76.79685340904697
        ],
        [
            45.26025405678821,
            58.83833027382468
        ],
        [
            23.78300460267476,
            38.05280736427962
        ],
        [
            15.097532824851339,
            28.68531236721754
        ],
        [
            22.867989050843214,
            29.728385766096178
        ],
        [
            6.135604625005957,
            11.657648787511318
        ],
        [
            25.965467593500744,
            41.54474814960119
        ],
        [
            42.39545841525637,
            67.8327334644102
        ],
        [
            46.8718919478046,
            89.05659470082874
        ],
        [
            10.984544769315049,
            14.279908200109563
        ],
        [
            16.310133749194122,
            26.096213998710596
        ],
        [
            2.3898576638900204,
            4.540729561391038
        ]
    ],
    "polynomial_gains": {
        "(1, 27)": 41.00329578641383,
        "(18, 9)": 17.285040881203628,
        "(20, 31)": 6.154417678693408,
        "(10, 18)": 28.398464861512725,
        "(24, 11)": 23.226170947375977,
        "(25, 32)": 14.494458889002187,
        "(5, 22)": 17.950666480053755,
        "(5, 18)": 2.1292157815995765,
        "(29, 3)": 46.28374016366809,
        "(33, 2)": 20.794584746967242,
        "(27, 30)": 47.744078767656795,
        "(1, 3)": 25.633535840914067,
        "(17, 16)": 45.90226349874838,
        "(22, 20)": 31.945300330450575,
        "(2, 28)": 19.08353525053155,
        "(10, 28)": 26.679893475649678,
        "(2, 14)": 24.16477130670957,
        "(8, 4)": 24.86461465427908,
        "(0, 17)": 26.464520255087784,
        "(0, 28)": 18.888832485278773,
        "(32, 9)": 8.4332112206373,
        "(8, 27)": 37.85401400551805,
        "(18, 13)": 3.0095170743798443,
        "(26, 28)": 2.1258121657806237,
        "(2, 6)": 11.22189065323677,
        "(27, 16)": 31.814298023777965,
        "(25, 14)": 26.250868678178758,
        "(5, 28)": 26.315220683937394,
        "(28, 16)": 3.3841919243313527,
        "(17, 20)": 23.73408796991169,
        "(14, 8)": 16.16961085632908,
        "(2, 13)": 48.723234178827184,
        "(8, 3)": 21.551378440530197,
        "(15, 23)": 28.624614494480838,
        "(3, 4)": 10.635367148665413,
        "(24, 9)": 15.437135442574784,
        "(19, 16, 34)": 23.180290287997632,
        "(21, 1, 16)": 6.452365631269569,
        "(14, 32, 30)": 16.604638395592684,
        "(5, 15, 35)": 27.930527373689237,
        "(20, 11, 21)": 14.791165469549517,
        "(17, 16, 12)": 4.529743889519336,
        "(20, 28, 17)": 17.963441285440663,
        "(32, 15, 29)": 26.540825200487212,
        "(30, 2, 29)": 7.345963558913563,
        "(16, 9, 34)": 10.924517450930384,
        "(25, 4, 17)": 20.22101349525566,
        "(3, 23, 28)": 12.843785419338705,
        "(11, 16, 25)": 19.249686891304574,
        "(27, 28, 20)": 1.8889811626843562,
        "(9, 21, 33)": 10.13143890480803,
        "(32, 27, 26)": 4.1286997251669595,
        "(31, 6, 35)": 7.716021867791417,
        "(4, 26, 25)": 26.525008369981528,
        "(31, 22, 11, 19)": 7.520074306363637,
        "(1, 20, 30, 15)": 19.82414114156723,
        "(9, 16, 10, 7)": 23.9121502824155,
        "(16, 12, 13, 35)": 22.19690704230362,
        "(18, 25, 4, 7)": 21.41036193671468,
        "(19, 21, 22, 10)": 13.026193754595294,
        "(24, 11, 35, 22)": 18.45920430340771,
        "(8, 14, 25, 7)": 5.342347891078346,
        "(19, 35, 30, 20)": 23.236758682142078,
        "(10, 21, 0, 26)": 21.901015528223773,
        "(15, 11, 18, 25)": 23.79312214105975,
        "(27, 30, 12, 14)": 16.54712437947587,
        "(32, 15, 29, 13, 20)": 18.596572406652953,
        "(32, 23, 21, 30, 28)": 9.157656121873659,
        "(28, 2, 33, 26, 23)": 13.349941562230061,
        "(14, 32, 9, 15, 24)": 3.574435564074113,
        "(13, 8, 0, 32, 34)": 13.242631959370746,
        "(35, 12, 34, 21, 30)": 1.2687052695515346,
        "(16, 28, 10, 19, 5)": 6.868317504511314,
        "(32, 29, 12, 9, 26)": 13.415953418868888,
        "(30, 7, 2, 15, 27)": 13.485359288528212,
        "(17, 31, 28, 25, 18, 4)": 3.070343062323079,
        "(11, 22, 31, 9, 20, 15)": 3.326996619463524,
        "(20, 27, 10, 23, 34, 30)": 3.243366393971595,
        "(7, 24, 35, 18, 26, 12)": 13.243007596377188,
        "(11, 6, 8, 22, 31, 19)": 8.792116727909644,
        "(3, 32, 22, 25, 30, 0)": 8.154937685178142,
        "(1, 35, 7, 14, 18, 16)": 3.2257285983641153,
        "(34, 17, 14, 12, 19, 18, 8)": 7.089191308458839,
        "(31, 27, 7, 2, 16, 19, 34)": 10.983952756234881,
        "(8, 7, 6, 14, 27, 28, 19)": 8.456973930215998,
        "(32, 3, 31, 4, 2, 5, 0)": 9.08285950611535,
        "(8, 24, 31, 32, 15, 6, 12)": 5.011491144843622,