{
    "n_items": 38,
    "gamma": 8,
    "budget": 353.8348364645547,
    "profits": [
        91.9983845584056,
        69.55422371461154,
        72.19749127980097,
        58.58559398068862,
        93.25238487507549,
        49.02788135878139,
        74.45226300375026,
        54.038627093785266,
        88.19859978901223,
        52.374460680336576,
        47.50949659485308,
        66.01097745093537,
        54.050244303645805,
        45.80366209633143,
        90.07587073789918,
        73.05334724875792,
        97.1637629985972,
        39.37174275781368,
        95.05592583632117,
        49.91339682348403,
        39.459463264724235,
        54.676335850261395,
        50.80773042104951,
        88.30648634261696,
        70.25395975874778,
        56.11897071319575,
        60.81342904055725,
        45.265962009862506,
        67.92229682350451,
        47.60293586903057,
        67.64464218121304,
        64.86221746030708,
        60.8083773617247,
        81.32412939340557,
        91.84163237279114,
        73.50921821167914,
        37.52917639792715,
        40.495500865346706
    ],
    "costs": [
        [
            24.232749473131967,
            46.04222399895074
        ],
        [
            25.980636624908083,
            33.77482761238051
        ],
        [
            31.5508340297552,
            50.481334447608326
        ],
        [
            10.604202772919553,
            20.14798526854715
        ],
        [
            45.50981727635661,
            72.81570764217058
        ],
        [
            28.982712919221203,
            46.37234067075393
        ],
        [
            45.498316682925434,
            72.79730669268069
        ],
        [
            38.686390339805634,
            50.292307441747326
        ],
        [
            18.551322993544197,
            35.24751368773397
        ],
        [
            38.492644574645595,
            61.58823131943296
        ],
        [
            17.69257541678701,
            28.30812066685922
        ],
        [
            43.75307052200664,
            83.13083399181261
        ],
        [
            35.890190790349166,
            46.65724802745392
        ],
        [
            7.835537274391728,
            14.887520821344284
        ],
        [
            45.16069339943499,
            85.80531745892648
        ],
        [
            18.421786679332538,
            23.9483226831323
        ],
        [
            40.399867396450205,
            52.51982761538527
        ],
        [
            41.27689247217113,
            78.42609569712513
        ],
        [
            37.960789969770396,
            60.737263951632634
        ],
        [
            10.07026086239555,
            13.091339121114215
        ],
        [
            20.067459548749866,
            32.107935277999786
        ],
        [
            42.79777551759192,
            68.47644082814708
        ],
        [
            19.835654353982115,
            37.68774327256602
        ],
        [
            3.7974715921200572,
            7.215196025028108
        ],
        [
            16.545966098727362,
            31.437335587581988
        ],
        [
            1.837349417925402,
            2.9397590686806434
        ],
        [
            23.05642201165638,
            36.89027521865021
        ],
        [
            46.57382143006832,
            60.54596785908882
        ],
        [
            45.950721651237814,
            73.5211546419805
        ],
        [
            39.80343071265636,
            63.685489140250176
        ],
        [
            33.58121585475229,
            63.80431012402934
        ],
        [
            33.90505112237338,
            54.24808179579741
        ],
        [
            19.861029738667515,
            31.777647581868024
        ],
        [
            21.699523875246033,
            34.719238200393654
        ],
        [
            26.80685244936202,
            34.848908184170625
        ],
        [
            17.579557006427535,
            22.853424108355796
        ],
        [
            39.85857379217233,
            51.81614592982403
        ],
        [
            1.3953407496447312,
            2.23254519943157
        ]
    ],
    "polynomial_gains": {
        "(0, 21)": 21.366500280669865,
        "(32, 37)": 2.0432291708926287,
        "(27, 26)": 25.18815253388282,
        "(33, 31)": 38.54531099793993,
        "(27, 8)": 22.146421515106198,
        "(13, 15)": 12.824812902558449,
        "(1, 36)": 25.3208453027066,
        "(27, 10)": 25.981831369759718,
        "(9, 5)": 49.79279399856795,
        "(3, 31)": 9.691296271396672,
        "(4, 10)": 45.144075386370226,
        "(14, 33)": 2.183106096399042,
        "(32, 23)": 23.971157849840125,
        "(21, 16)": 13.810330047940973,
        "(16, 6)": 14.32749063635089,
        "(34, 19)": 40.50844177849867,
        "(34, 7)": 14.218876211433088,
        "(12, 7)": 20.059048594292772,
        "(3, 5)": 1.3145077939245429,
        "(12, 36)": 4.018127310689589,
        "(19, 1)": 23.73235072243197,
        "(30, 20)": 9.636805834657414,
        "(35, 10)": 32.97255105767573,
        "(0, 27)": 43.954479617757414,
        "(36, 0)": 41.816990460176264,
        "(33, 7)": 39.45340781197436,
        "(6, 4)": 47.92093085532408,
        "(37, 1)": 36.04970360394927,
        "(10, 9)": 6.835396655843052,
        "(18, 10)": 6.823984436376064,
        "(1, 13)": 31.33695905314833,
        "(35, 36)": 41.43304156402464,
        "(11, 20)": 40.570291139050674,
        "(17, 16)": 23.694926016150884,
        "(6, 15)": 18.017243776890126,
        "(14, 1)": 40.73985023285762,
        "(3, 7)": 34.57234536492694,
        "(27, 36)": 11.236443163465479,
        "(10, 29, 8)": 23.94506945217466,
        "(10, 15, 26)": 14.492316626544836,
        "(34, 31, 21)": 5.005498261053856,
        "(8, 28, 25)": 25.819477635136117,
        "(37, 14, 29)": 16.25723669705496,
        "(35, 24, 37)": 22.35655843468222,
        "(8, 24, 34)": 22.505666166410307,
        "(12, 33, 31)": 2.8726231827345954,
        "(36, 17, 22)": 7.239333451431908,
        "(0, 3, 24)": 24.045612348416253,
        "(37, 21, 2)": 21.187249241250175,
        "(19, 32, 17)": 3.3028221882475415,
        "(2, 14, 29)": 6.09433159067501,
        "(10, 28, 23)": 7.099357397900389,
        "(13, 33, 6)": 20.358498417091074,
        "(19, 32, 37)": 13.317288205584205,
        "(32, 5, 24)": 28.868425681811072,
        "(6, 22, 29)": 3.3165515009094704,
        "(19, 28, 30)": 5.504436660647244,
        "(6, 27, 13, 20)": 11.08035687574349,
        "(29, 20, 26, 23)": 2.690364614972852,
        "(5, 3, 28, 19)": 10.575205745478453,
        "(4, 15, 20, 13)": 18.43767197048859,
        "(19, 25, 23, 14)": 22.58086813295739,
        "(2, 31, 6, 11)": 15.829621879516116,
        "(12, 35, 37, 21)": 22.136293773260533,
        "(36, 29, 16, 32)": 12.608986857289164,
        "(5, 2, 25, 8)": 21.42109756854348,
        "(35, 24, 33, 4)": 1.7035391707949987,
        "(32, 10, 29, 23)": 21.314576190821462,
        "(24, 25, 5, 27)": 15.131122204028514,
        "(32, 2, 1, 4, 24)": 19.882850753422286,
        "(17, 10, 29, 5, 36)": 5.893848108994481,
        "(28, 6, 30, 10, 13)": 13.84795894834334,
        "(1, 33, 31, 18, 10)": 13.89049290882062,
        "(30, 24, 3, 17, 20)": 3.087312224271843,
        "(30, 2, 29, 37, 31)": 14.706824207516757,
        "(33, 2, 25, 14, 28)": 6.4602506907825115,
        "(35, 13, 28, 19, 1)": 2.196411497604351,
        "(2, 20, 5, 9, 4)": 9.849626217755013,
        "(8, 9, 32, 6, 16, 23)": 13.85781635897257,
        "(7, 25, 21, 15, 34, 3)": 5.446076071361946,
        "(32, 20, 34, 33, 27, 11)": 3.1584278016544665,
        "(29, 9, 2, 24, 6, 26)": 8.131123814801406,
        "(0, 2, 30, 26, 5, 37)": 4.922084794761089,
        "(36, 10, 21, 24, 17, 7)": 14.054511464278113,
        "(9, 31, 13, 14, 21, 28)": 11.50089135191847,