{
    "n_items": 41,
    "gamma": 31,
    "budget": 370.68786505735807,
    "profits": [
        65.47221421434615,
        59.2773406722725,
        62.005573822820196,
        46.74227422168326,
        87.74545152006543,
        74.56880867423202,
        46.79021320967097,
        96.23281995905778,
        77.75703715629751,
        89.68024601738807,
        56.0242523842748,
        54.97148608074927,
        96.45158358759144,
        77.12552213279412,
        52.26218198361656,
        65.07422145305351,
        62.55520188080874,
        96.78176124911258,
        45.19348267495471,
        79.34989836281754,
        56.03186961309831,
        97.77503180925711,
        53.78325162271837,
        85.30655200983722,
        71.49837869626042,
        95.7328990142044,
        88.66958860993026,
        90.72561872242031,
        95.39205367502831,
        41.32691787299668,
        81.63805828370805,
        46.39432113630338,
        61.781340842367186,
        72.27794553410484,
        99.72084715265478,
        95.89634875726429,
        99.35067994916847,
        77.53371416133089,
        50.90883034149884,
        44.377330523653924,
        48.90232554835437
    ],
    "costs": [
        [
            25.232440232410937,
            40.371904371857504
        ],
        [
            21.40789035211575,
            34.252624563385204
        ],
        [
            32.03117222881018,
            60.859227234739336
        ],
        [
            30.00730434847047,
            48.011686957552755
        ],
        [
            49.70349887897954,
            64.6145485426734
        ],
        [
            42.74508180843567,
            68.39213089349708
        ],
        [
            26.471219722954,
            42.3539515567264
        ],
        [
            9.847675860651753,
            18.71058413523833
        ],
        [
            34.261547010010304,
            54.81847521601649
        ],
        [
            44.588651147959446,
            57.96524649234728
        ],
        [
            30.743661476940403,
            58.41295680618676
        ],
        [
            35.452722960709224,
            46.08853984892199
        ],
        [
            24.462604960474472,
            46.478949424901494
        ],
        [
            45.6748560143785,
            73.0797696230056
        ],
        [
            32.013499643618054,
            51.22159942978889
        ],
        [
            13.713680312597399,
            17.82778440637662
        ],
        [
            12.380596492102622,
            19.808954387364196
        ],
        [
            9.59796492204235,
            12.477354398655054
        ],
        [
            35.23726375974812,
            45.808442887672555
        ],
        [
            31.616070673634624,
            41.10089187572501
        ],
        [
            38.77288798422539,
            73.66848717002824
        ],
        [
            48.91851424808351,
            78.26962279693362
        ],
        [
            13.449628485755138,
            25.55429412293476
        ],
        [
            43.929673632487514,
            70.28747781198003
        ],
        [
            12.297766389913413,
            15.987096306887437
        ],
        [
            6.478166354144088,
            8.421616260387315
        ],
        [
            13.326742401823056,
            17.324765122369975
        ],
        [
            40.43415186122046,
            64.69464297795274
        ],
        [
            45.22214500924743,
            85.92207551757011
        ],
        [
            1.5701527436465783,
            2.041198566740552
        ],
        [
            31.334739849275,
            59.536005713622494
        ],
        [
            9.26768695860378,
            17.608605221347183
        ],
        [
            26.56708853472997,
            42.507341655567956
        ],
        [
            36.4852632234544,
            58.37642115752705
        ],
        [
            5.715790305309071,
            7.430527396901792
        ],
        [
            17.742617635026715,
            33.71097350655076
        ],
        [
            37.71363486018813,
            49.02772531824457
        ],
        [
            36.97859902237877,
            59.16575843580604
        ],
        [
            7.850487551762772,
            10.205633817291604
        ],
        [
            28.594673979962536,
            54.32988056192882
        ],
        [
            22.223781333792317,
            42.225184534205404
        ]
    ],
    "polynomial_gains": {
        "(37, 17)": 17.29343731599745,
        "(27, 35)": 3.8453367781650063,
        "(11, 30)": 5.902355343076997,
        "(28, 40)": 36.531205791534035,
        "(7, 33)": 40.885721608901086,
        "(7, 22)": 14.263936318012272,
        "(40, 14)": 10.604296149924721,
        "(13, 37)": 13.479893103668969,
        "(27, 33)": 1.9341599464097807,
        "(28, 24)": 26.019928450869283,
        "(34, 38)": 26.838971772443397,
        "(24, 33)": 36.280425649960996,
        "(29, 8)": 44.65554930601673,
        "(31, 30)": 13.627375039520228,
        "(14, 8)": 1.3583587265676345,
        "(3, 36)": 39.32327059483341,
        "(18, 30)": 9.095356330192933,
        "(38, 1)": 31.734326969455413,
        "(29, 14)": 49.99392864125973,
        "(40, 23)": 47.52396286277951,
        "(23, 26)": 7.4435939103989455,
        "(13, 32)": 31.438877324465665,
        "(12, 16)": 33.49149012605967,
        "(25, 40)": 8.842935567588247,
        "(2, 22)": 34.579091824671764,
        "(38, 34)": 19.56844288882257,
        "(21, 20)": 34.97473229755426,
        "(14, 5)": 21.394940186615383,
        "(22, 29)": 38.18198225501866,
        "(1, 21)": 47.33112360286187,
        "(8, 19)": 1.4045137857603154,
        "(16, 15)": 4.977424118214093,
        "(29, 5)": 18.278682708979314,
        "(10, 25)": 6.30461961492608,
        "(2, 14)": 10.09914348363241,
        "(32, 35)": 24.484595039157906,
        "(12, 19)": 41.45726563472147,
        "(10, 33)": 42.68034701369749,
        "(21, 38)": 24.711366987673813,
        "(39, 1)": 11.078494023446114,
        "(13, 7)": 22.000053684846822,
        "(31, 40, 33)": 23.133956545554476,
        "(1, 34, 21)": 17.16404732704937,
        "(10, 7, 8)": 30.68674234356374,
        "(1, 4, 15)": 28.918039542311316,
        "(6, 14, 0)": 8.701338248250693,
        "(39, 21, 27)": 7.505321726984103,
        "(13, 39, 19)": 8.682247362296602,
        "(10, 4, 26)": 23.576307152425322,
        "(26, 29, 34)": 23.688245233909818,
        "(12, 22, 40)": 11.414459271091749,
        "(23, 9, 28)": 10.762188799305886,
        "(13, 12, 1)": 1.1681384216712285,
        "(26, 18, 36)": 8.629547303773034,
        "(32, 29, 4)": 31.738084667088895,
        "(17, 30, 28)": 29.458731314710636,
        "(39, 32, 6)": 23.92173092288521,
        "(33, 14, 23)": 23.20140170632742,
        "(28, 21, 6)": 9.631844906959829,
        "(14, 10, 30)": 9.032234625273754,
        "(40, 33, 11)": 19.69019999880224,
        "(18, 36, 14, 30)": 11.935331558362243,
        "(12, 15, 28, 23)": 23.125195887520402,
        "(10, 4, 21, 39)": 18.35200572558369,
        "(17, 32, 22, 23)": 24.207109504972436,
        "(15, 11, 5, 37)": 22.64169896602572,
        "(34, 33, 27, 21)": 18.898819189837727,
        "(0, 8, 25, 4)": 19.331057799716334,
        "(38, 1, 25, 21)": 6.259842618658016,
        "(30, 26, 20, 6)": 9.534036117474976,
        "(7, 1, 18, 15)": 18.227134363788394,
        "(18, 14, 8, 22)": 18.805568526985038,
        "(30, 39, 20, 18)": 11.211149335198701,
        "(10, 20, 16, 4)": 23.489119784159517,
        "(37, 29, 12, 6, 2)": 17.782219663789803,
        "(30, 12, 21, 37, 26)": 15.505480237753593,
        "(13, 14, 10, 12, 35)": 9.367766829194238,
        "(16, 11, 3, 37, 26)": 14.861218408257791,
        "(15, 26, 28, 9, 20)": 18.52987810296175,