{
    "n_items": 42,
    "gamma": 31,
    "budget": 252.54710747730326,
    "profits": [
        99.57449200767527,
        42.30700507297445,
        50.38575252414235,
        85.89873600848681,
        90.2743219910013,
        39.34642068946071,
        58.62458180884832,
        60.60072592737839,
        96.51770746540605,
        49.9652663296923,
        61.0266375252596,
        91.75872122764457,
        86.26075963874642,
        56.43040244800753,
        79.68483039615418,
        40.60181155181196,
        48.25575780846784,
        78.25813148442268,
        53.95953205488061,
        52.53965509834364,
        46.18968623206239,
        80.43924945881948,
        93.51566128395024,
        64.51693085002955,
        73.7907569260858,
        77.69251504436323,
        82.35707073369221,
        77.80439064452773,
        61.49037463957818,
        55.918380081044106,
        92.42689944887812,
        44.08953504877174,
        89.92813735375304,
        96.70329407975814,
        66.247366170068,
        98.4546978424793,
        91.79898874104246,
        59.25196437661566,
        57.20393026583655,
        93.41981249316152,
        76.91825301797039,
        47.09033456019079
    ],
    "costs": [
        [
            29.47304562722312,
            47.156873003556996
        ],
        [
            31.312944639856386,
            40.7068280318133
        ],
        [
            14.037702457785958,
            22.460323932457534
        ],
        [
            17.94644963286104,
            28.714319412577666
        ],
        [
            42.74364454560432,
            68.38983127296692
        ],
        [
            19.96962606147694,
            25.960513879920025
        ],
        [
            27.859934993552997,
            36.217915491618896
        ],
        [
            15.826958021741627,
            30.07122024130909
        ],
        [
            32.78477634064011,
            42.62020924283214
        ],
        [
            33.607368316604,
            53.771789306566404
        ],
        [
            5.829806616595813,
            7.578748601574557
        ],
        [
            25.505456845204723,
            48.460368005888974
        ],
        [
            41.09787428251561,
            78.08596113677966
        ],
        [
            17.164631314523085,
            22.31402070888001
        ],
        [
            22.867672686270026,
            29.727974492151034
        ],
        [
            39.9003306073761,
            63.84052897180176
        ],
        [
            8.848188881536402,
            11.502645545997323
        ],
        [
            14.36801455145828,
            22.98882328233325
        ],
        [
            12.239898634084218,
            15.911868224309485
        ],
        [
            40.405960138372166,
            76.77132426290711
        ],
        [
            46.47868088149919,
            60.42228514594895
        ],
        [
            3.4304834704889933,
            6.517918593929087
        ],
        [
            40.722271707423545,
            52.93895321965061
        ],
        [
            27.165026561713937,
            51.61355046725648
        ],
        [
            28.706508989472127,
            37.31846168631377
        ],
        [
            2.932667208291668,
            5.572067695754169
        ],
        [
            20.47141691744204,
            32.754267067907264
        ],
        [
            11.991621885796262,
            19.18659501727402
        ],
        [
            12.262441496432665,
            15.941173945362465
        ],
        [
            22.399041917135506,
            42.55817964255746
        ],
        [
            23.716674466446438,
            45.06168148624823
        ],
        [
            25.70507294727825,
            48.839638599828675
        ],
        [
            37.35752017258336,
            48.56477622435837
        ],
        [
            12.692366797275447,
            20.307786875640716
        ],
        [
            10.119676004660926,
            13.155578806059204
        ],
        [
            46.12400182020112,
            87.63560345838214
        ],
        [
            28.786772430651066,
            46.05883588904171
        ],
        [
            32.952005438001706,
            52.72320870080273
        ],
        [
            4.27874891160635,
            8.129622932052063
        ],
        [
            20.074926183238343,
            26.09740403820985
        ],
        [
            32.212497546547624,
            61.203745338440484
        ],
        [
            25.81772095974355,
            49.05366982351274
        ]
    ],
    "polynomial_gains": {
        "(16, 40)": 41.93227541606068,
        "(20, 2)": 18.575680454430188,
        "(16, 32)": 40.81882141161099,
        "(40, 0)": 32.67781341462528,
        "(0, 5)": 28.84111356940149,
        "(33, 23)": 46.43308754844331,
        "(33, 5)": 17.48309714580306,
        "(28, 21)": 3.4840459275726006,
        "(7, 31)": 18.267161101924565,
        "(15, 14)": 43.489774559296656,
        "(2, 0)": 12.383196906402574,
        "(29, 32)": 18.01774128404081,
        "(8, 32)": 41.87652831627593,
        "(3, 10)": 3.5319132178346,
        "(0, 37)": 36.72406402472514,
        "(34, 27)": 23.731494567185873,
        "(22, 30)": 31.91221340682532,
        "(16, 14)": 32.421029228381094,
        "(5, 25)": 3.9147211391297976,
        "(17, 37)": 28.297337986693933,
        "(28, 19)": 24.582815252981565,
        "(3, 25)": 16.52213630523184,
        "(33, 4)": 16.367390287373084,
        "(16, 30)": 26.659821243248548,
        "(25, 3)": 4.656721332083829,
        "(32, 6)": 43.65082724745517,
        "(21, 10)": 40.92621673002013,
        "(26, 33)": 34.52114392803921,
        "(39, 4)": 27.298111108891693,
        "(22, 11)": 6.01247029611746,
        "(18, 30)": 22.046146791388146,
        "(28, 29)": 8.752596240227202,
        "(41, 33)": 24.473576019982698,
        "(16, 24)": 41.92340897696899,
        "(6, 13)": 17.262327550143336,
        "(11, 34)": 13.605010249789434,
        "(39, 14)": 6.130574410142529,
        "(14, 16)": 39.572580027978574,
        "(1, 8)": 29.008451856108366,
        "(0, 4)": 39.75921908663227,
        "(32, 23)": 37.985556891785215,
        "(17, 13)": 15.527235549178853,
        "(0, 1, 4)": 29.241080627266605,
        "(9, 17, 30)": 24.179763067289397,
        "(20, 5, 16)": 18.617675304540946,
        "(14, 35, 4)": 25.54165724273743,
        "(8, 27, 34)": 7.11628605750423,
        "(17, 36, 2)": 31.809297414402685,
        "(31, 24, 2)": 9.323419843931156,
        "(36, 19, 26)": 30.26215011253523,
        "(38, 13, 28)": 17.475587760994127,
        "(33, 34, 25)": 11.63454737934743,
        "(8, 30, 22)": 24.205082391723497,
        "(28, 21, 11)": 33.096951524055534,
        "(41, 5, 14)": 29.727631229328498,
        "(40, 14, 30)": 25.220916302063735,
        "(5, 33, 22)": 9.386384051880357,
        "(35, 4, 16)": 10.836839956180487,
        "(11, 40, 26)": 20.29300812425461,
        "(9, 23, 27)": 22.18212644448301,
        "(29, 21, 40)": 11.749908564561427,
        "(3, 38, 34)": 24.09192076128929,
        "(25, 15, 40)": 12.578743432005508,
        "(29, 22, 18, 1)": 19.505204930976614,
        "(35, 13, 16, 41)": 8.685642177544683,
        "(7, 12, 5, 10)": 7.064409728611762,
        "(39, 2, 34, 3)": 1.3775139292981713,
        "(23, 35, 0, 1)": 11.595108856052516,
        "(16, 11, 33, 27)": 2.025980705197763,
        "(15, 1, 24, 7)": 14.755612758837188,
        "(20, 2, 39, 38)": 22.209257996348278,
        "(12, 4, 8, 38)": 22.0360827247444,
        "(6, 23, 8, 4)": 12.559555249748271,
        "(28, 0, 41, 27)": 15.564271595584124,
        "(8, 2, 34, 39)": 24.464571303460474,
        "(32, 8, 33, 10)": 12.186020709246094,
        "(41, 40, 30, 23)": 2.646748405079597,
        "(21, 6, 26, 4, 0)": 10.434353858177033,