{
    "n_items": 44,
    "gamma": 23,
    "budget": 573.6441720950465,
    "profits": [
        49.54170477798979,
        43.721903660998116,
        41.914381297773275,
        41.65358338009091,
        50.81562350039235,
        77.8984053676221,
        82.12499659100645,
        82.98749395276947,
        48.381764564761895,
        41.14224042968993,
        72.04626468003036,
        53.843859564908485,
        58.32173182562326,
        56.436975204149405,
        94.73547191125724,
        43.95541545388226,
        88.42304748600387,
        73.57577965848367,
        92.88047725310568,
        91.907438178426,
        86.36207783410983,
        87.33054547289345,
        79.80079568697107,
        78.5331268363524,
        73.17671716184987,
        83.42820247379444,
        86.63445267730128,
        91.67107293042255,
        64.3388004452002,
        49.03192964349597,
        45.57110192901192,
        63.887384411246785,
        84.0165138390682,
        58.51703009434388,
        52.51873081612821,
        59.01627882475994,
        65.27920307359867,
        44.2981418186087,
        79.29401214735276,
        64.72495583432531,
        56.89245690732733,
        86.9767171442255,
        41.77133785448477,
        78.69386936366436
    ],
    "costs": [
        [
            7.927694248375625,
            15.062619071913687
        ],
        [
            24.5014367114862,
            39.20229873837792
        ],
        [
            10.59046800772158,
            16.94474881235453
        ],
        [
            40.44317069589276,
            64.70907311342842
        ],
        [
            27.693894368413694,
            44.310230989461914
        ],
        [
            8.677656104149865,
            16.48754659788474
        ],
        [
            13.756490208239825,
            26.137331395655664
        ],
        [
            14.062727106739308,
            18.2815452387611
        ],
        [
            40.18972588729729,
            52.24664365348648
        ],
        [
            49.71855544075168,
            94.46525533742819
        ],
        [
            11.734339627987096,
            18.774943404779354
        ],
        [
            18.424512497430555,
            23.951866246659723
        ],
        [
            8.632524824800441,
            11.222282272240575
        ],
        [
            21.233970929854152,
            27.604162208810397
        ],
        [
            5.256409503920073,
            9.987178057448139
        ],
        [
            13.125341386598722,
            21.000546218557957
        ],
        [
            29.556562444366087,
            38.42353117767591
        ],
        [
            2.0132402380415844,
            3.82515645227901
        ],
        [
            34.983166691895235,
            66.46801671460095
        ],
        [
            9.667100349492008,
            12.567230454339612
        ],
        [
            25.41243033236482,
            48.28361763149316
        ],
        [
            43.07375745767494,
            81.84013916958237
        ],
        [
            30.328632898195803,
            48.52581263711329
        ],
        [
            15.460068992482814,
            24.736110387972502
        ],
        [
            9.806113766969867,
            15.689782027151788
        ],
        [
            48.46248604385455,
            63.001231857010914
        ],
        [
            35.65221851867377,
            67.73921518548016
        ],
        [
            3.379367543756144,
            4.393177806882988
        ],
        [
            36.621327335169305,
            47.6077255357201
        ],
        [
            49.63937200275539,
            94.31480680523524
        ],
        [
            15.493111850909324,
            24.78897896145492
        ],
        [
            41.00920170434689,
            53.311962215650965
        ],
        [
            43.958601286028845,
            83.5213424434548
        ],
        [
            22.29028334127737,
            42.351538348427
        ],
        [
            33.59737585608136,
            53.75580136973017
        ],
        [
            36.65179311318084,
            58.64286898108934
        ],
        [
            47.561416478732724,
            61.829841422352544
        ],
        [
            8.139179644649431,
            10.580933538044262
        ],
        [
            45.307495078359416,
            72.49199212537506
        ],
        [
            19.39870366209108,
            25.218314760718403
        ],
        [
            36.54828502095358,
            69.4417415398118
        ],
        [
            32.643946689118685,
            42.43713069585429
        ],
        [
            43.173230685370825,
            82.02913830220456
        ],
        [
            31.490957613641804,
            50.38553218182689
        ]
    ],
    "polynomial_gains": {
        "(8, 37)": 44.36299212973981,
        "(38, 23)": 17.02082223038358,
        "(12, 15)": 8.365871761255134,
        "(24, 11)": 27.880441407215997,
        "(12, 14)": 25.3799025408642,
        "(4, 28)": 1.471753894021165,
        "(33, 25)": 17.767291612290744,
        "(18, 41)": 32.45756035634981,
        "(43, 33)": 29.459903907306675,
        "(11, 1)": 44.004325508787154,
        "(35, 20)": 41.230993976607024,
        "(37, 11)": 24.665153690321226,
        "(8, 32)": 31.977244440288484,
        "(27, 9)": 46.187788919077086,
        "(33, 8)": 41.96047837915899,
        "(16, 4)": 24.968082175518216,
        "(40, 14)": 2.2882387928344636,
        "(22, 15)": 26.272217060145792,
        "(43, 35)": 36.82547782604274,
        "(29, 2)": 31.63957111379673,
        "(5, 20)": 21.704301362340114,
        "(22, 26)": 16.627649947104693,
        "(36, 21)": 27.708610393958203,
        "(41, 39)": 1.080956056057144,
        "(9, 2)": 36.59165283065877,
        "(39, 9)": 2.6842080214875326,
        "(18, 36)": 48.59020327442001,
        "(11, 34)": 12.258653350612349,
        "(7, 4)": 28.9997598643679,
        "(16, 37)": 19.016125341282944,
        "(43, 12)": 36.25133623428911,
        "(21, 10)": 15.889080721773734,
        "(22, 7)": 22.24680038429758,
        "(11, 2)": 38.3976221334347,
        "(18, 43)": 15.002898278795804,
        "(6, 33)": 48.7721296938524,
        "(21, 14)": 42.59862678950642,
        "(27, 13)": 42.77527218189017,
        "(41, 3)": 40.9401695716939,
        "(42, 22)": 37.23727125795328,
        "(42, 16)": 26.262834986257474,
        "(1, 22)": 38.851862230750385,
        "(5, 15)": 9.112639160596776,
        "(5, 40, 39)": 31.252342744169898,
        "(37, 19, 26)": 16.75869363876356,
        "(18, 40, 23)": 17.625045128906166,
        "(28, 41, 21)": 28.308016595780607,
        "(19, 21, 29)": 17.66558383579143,
        "(29, 10, 24)": 18.373902102010828,
        "(27, 4, 0)": 31.139224478450792,
        "(18, 21, 2)": 9.076008183459688,
        "(23, 8, 33)": 7.697821923222161,
        "(35, 0, 34)": 14.519953216067877,
        "(3, 5, 7)": 7.724013759028917,
        "(19, 39, 9)": 19.41297858241382,
        "(13, 32, 9)": 28.868564491788675,
        "(12, 33, 37)": 27.22727158195005,
        "(23, 22, 0)": 10.59379425051896,
        "(17, 33, 28)": 18.376658699952632,
        "(7, 25, 4)": 30.948646872245114,
        "(40, 13, 23)": 12.052229496905627,
        "(3, 2, 8)": 20.377448856396477,
        "(30, 32, 29)": 22.569413727508532,
        "(5, 35, 18)": 26.112036597341774,
        "(36, 15, 21)": 31.651409336054428,
        "(0, 28, 13, 21)": 22.919176047062255,
        "(10, 33, 1, 31)": 17.855561531484764,
        "(4, 22, 27, 33)": 3.4670969897783994,
        "(25, 0, 24, 26)": 16.861107695537964,
        "(9, 11, 34, 16)": 21.539943870034183,
        "(7, 24, 21, 34)": 22.19563180541793,
        "(26, 28, 30, 42)": 2.3296842332405507,
        "(4, 35, 12, 6)": 21.02074697472092,
        "(38, 40, 36, 25)": 14.371993591939198,