{
    "n_items": 45,
    "gamma": 23,
    "budget": 459.31986587720434,
    "profits": [
        89.99085974665414,
        83.26594738760683,
        66.88643015956646,
        98.61309931016179,
        55.1081617563921,
        68.87074405536191,
        54.35205496625845,
        79.47784452436841,
        87.71780003936043,
        51.10771710960648,
        76.2215936427919,
        79.25525723150425,
        89.74673903173904,
        67.57305988481679,
        56.326723173632644,
        66.09228900458791,
        75.03419865338196,
        45.33881467397493,
        66.60767685436007,
        97.76903090639024,
        78.39068095721342,
        99.66402115636977,
        91.99859046967607,
        77.10477308415686,
        48.681929398146195,
        59.62533438391935,
        59.145046443202276,
        57.82221741033419,
        67.44467795774004,
        69.47464548618252,
        94.75538585907418,
        87.4456190891546,
        42.42626525722814,
        73.5436942294414,
        47.383378980942275,
        54.428212967357354,
        87.84012876305934,
        99.38179299064771,
        78.54343482797698,
        96.6954649916843,
        88.13884631323478,
        44.40401077208737,
        60.199885462457615,
        82.93420610306038,
        65.0311212701857
    ],
    "costs": [
        [
            3.5753901016138463,
            6.793241193066308
        ],
        [
            27.481422554543396,
            35.72584932090642
        ],
        [
            20.088479155695776,
            26.115022902404508
        ],
        [
            36.41300805404767,
            69.18471530269058
        ],
        [
            11.861332768880041,
            18.978132430208067
        ],
        [
            19.78676178641811,
            25.722790322343545
        ],
        [
            26.9157665229964,
            51.139956393693154
        ],
        [
            3.1023757227870314,
            4.963801156459251
        ],
        [
            24.805648830519626,
            47.13073277798729
        ],
        [
            2.7595027047796865,
            3.5873535162135926
        ],
        [
            11.27759966433275,
            21.42743936223222
        ],
        [
            4.865225080920795,
            9.24392765374951
        ],
        [
            8.027036277813343,
            10.435147161157346
        ],
        [
            39.769392724362824,
            75.56184617628936
        ],
        [
            21.04868522303627,
            27.36329078994715
        ],
        [
            38.854325014073005,
            73.8232175267387
        ],
        [
            16.305189056911964,
            26.088302491059142
        ],
        [
            24.066396671468,
            38.5062346743488
        ],
        [
            21.110918056974306,
            33.77746889115889
        ],
        [
            16.543813050602978,
            21.50695696578387
        ],
        [
            22.819527249596547,
            43.357101774233435
        ],
        [
            40.531302318725835,
            52.69069301434359
        ],
        [
            31.663233425389944,
            60.16014350824089
        ],
        [
            33.694438005558126,
            43.80276940722557
        ],
        [
            3.5376322960041566,
            6.721501362407897
        ],
        [
            31.605213227448125,
            60.04990513215144
        ],
        [
            47.03676934829625,
            89.36986176176286
        ],
        [
            14.785677242974636,
            19.221380415867028
        ],
        [
            48.78312621764218,
            92.68793981352013
        ],
        [
            20.62618673545807,
            39.189754797370334
        ],
        [
            1.6143598349507844,
            3.06728368640649
        ],
        [
            6.342271288913339,
            8.24495267558734
        ],
        [
            6.0816537761810325,
            11.555142174743962
        ],
        [
            5.430441844837891,
            10.317839505191992
        ],
        [
            25.01790699419181,
            40.0286511907069
        ],
        [
            11.092491963122487,
            14.420239552059234
        ],
        [
            4.542536128817588,
            7.268057806108141
        ],
        [
            21.295670764481915,
            40.461774452515634
        ],
        [
            19.315205540175377,
            30.904328864280604
        ],
        [
            6.689352127377955,
            8.696157765591341
        ],
        [
            6.210018777499514,
            11.799035677249076
        ],
        [
            34.92371947759987,
            66.35506700743974
        ],
        [
            23.52298937547487,
            30.579886188117335
        ],
        [
            25.005886661730933,
            47.51118465728877
        ],
        [
            47.8138521091815,
            76.5021633746904
        ]
    ],
    "polynomial_gains": {
        "(6, 27)": 30.724105603266587,
        "(40, 1)": 16.683739892624683,
        "(2, 40)": 47.68389846871369,
        "(29, 14)": 17.585479196061268,
        "(9, 43)": 35.812315970040636,
        "(8, 1)": 40.266913978621815,
        "(33, 9)": 37.68875576291478,
        "(16, 11)": 38.055609976567155,
        "(22, 13)": 15.070687816888155,
        "(31, 18)": 18.61917865034146,
        "(34, 38)": 7.619987279641476,
        "(32, 0)": 5.183084995658694,
        "(21, 10)": 43.1227352429334,
        "(43, 25)": 2.085132821634061,
        "(14, 39)": 39.267611671381225,
        "(19, 35)": 40.27812583554178,
        "(40, 35)": 48.69605933706352,
        "(38, 1)": 6.906165723504276,
        "(1, 38)": 5.4429969419434485,
        "(0, 8)": 13.918986968873838,
        "(16, 19)": 8.544430766528851,
        "(14, 11)": 28.923625252808026,
        "(30, 23)": 36.97294798942196,
        "(31, 40)": 17.9876783619164,
        "(29, 39)": 13.062276615588095,
        "(3, 39)": 40.01272244286467,
        "(24, 6)": 11.17788294678575,
        "(25, 17)": 19.52760576691034,
        "(41, 31)": 21.103619715821292,
        "(17, 10)": 31.744769000259616,
        "(20, 40)": 49.30475360304551,
        "(12, 6)": 10.37381311942049,
        "(41, 20)": 26.648838506234647,
        "(23, 18)": 31.519935047808087,
        "(13, 1)": 44.87378957828791,
        "(28, 34)": 19.167050269842793,
        "(7, 38)": 46.719149363237584,
        "(22, 42)": 15.01200104177077,
        "(24, 41)": 24.812127132963454,
        "(2, 1)": 21.582204851164125,
        "(36, 27)": 35.40551568319925,
        "(21, 35)": 42.060584933832146,
        "(28, 22)": 15.102156074344622,
        "(16, 36)": 4.6508104834763975,
        "(5, 1)": 17.71331468301981,
        "(36, 35, 24)": 13.745889266974658,
        "(38, 33, 42)": 5.900959459780785,
        "(37, 25, 29)": 14.698232042025447,
        "(23, 17, 31)": 5.9472575999651625,
        "(28, 14, 18)": 21.3527274802864,
        "(6, 22, 31)": 13.461701764953744,
        "(35, 20, 2)": 29.90098750761726,
        "(28, 21, 9)": 11.354106284863914,
        "(6, 12, 4)": 15.600996852819012,
        "(6, 18, 36)": 8.450243383290879,
        "(40, 9, 20)": 22.885922347173807,
        "(40, 15, 42)": 7.3761025013074235,
        "(18, 36, 24)": 8.50476492670732,
        "(42, 24, 25)": 14.389098682996297,
        "(1, 26, 38)": 28.456240217978724,
        "(30, 20, 18)": 11.995307871783123,
        "(44, 32, 12)": 30.257080818185266,
        "(37, 14, 17)": 24.198164302221645,
        "(11, 43, 14)": 22.636458575151693,
        "(4, 14, 30)": 1.3173597556862888,
        "(20, 30, 8)": 25.72641990875185,
        "(27, 17, 20)": 23.116162799098603,
        "(12, 29, 32, 44)": 17.52475180900914,
        "(22, 25, 32, 28)": 7.750967018686934,
        "(44, 31, 34, 1)": 22.677819821656335,
        "(42, 16, 8, 25)": 20.351683452474717,