{
    "n_items": 46,
    "gamma": 19,
    "budget": 447.05544813190755,
    "profits": [
        58.322814081547214,
        67.40576528237966,
        45.26799023965069,
        88.812944161437,
        67.24599053486692,
        85.58990867846782,
        39.84097439346653,
        68.41531583591356,
        97.28649852504562,
        80.88508585538574,
        55.65949272582545,
        71.9821825528643,
        98.77461501167936,
        71.78242090593679,
        85.27787009600749,
        76.60369594973065,
        64.14877031086667,
        95.18461568324321,
        54.416780740302215,
        78.75547775965856,
        71.52680842023479,
        53.76043474366081,
        84.39015863259218,
        90.36684361338823,
        64.63523962803387,
        98.36057989411691,
        79.56021758031054,
        98.10617417389867,
        84.38300377147542,
        47.42527794700989,
        97.97435528540746,
        69.68767763025583,
        78.3007454428389,
        65.06847833555965,
        60.15419011695008,
        74.36656698035901,
        77.96856212944175,
        99.38709805378608,
        99.3973888892204,
        92.53345391751824,
        50.2867531181329,
        80.92458543664117,
        48.89093088036869,
        87.89492701424416,
        74.4764720804495,
        84.22854069176825
    ],
    "costs": [
        [
            41.39056218670714,
            66.22489949873143
        ],
        [
            17.372144500144675,
            33.00707455027488
        ],
        [
            40.80161958586207,
            77.52307721313792
        ],
        [
            10.80161419627874,
            14.042098455162362
        ],
        [
            7.181814572833158,
            13.645447688383
        ],
        [
            41.619930339573656,
            54.10590944144575
        ],
        [
            45.42152273824054,
            59.0479795597127
        ],
        [
            35.39788643474386,
            46.01725236516702
        ],
        [
            33.49542485465119,
            43.54405231104655
        ],
        [
            1.7335204033984297,
            2.2535765244179586
        ],
        [
            49.65880882268331,
            94.35173676309829
        ],
        [
            22.226653817805985,
            42.23064225383137
        ],
        [
            36.950099580911115,
            59.120159329457785
        ],
        [
            42.60696658460399,
            68.17114653536639
        ],
        [
            16.099233437856995,
            25.758773500571195
        ],
        [
            37.78088788822668,
            71.78368698763069
        ],
        [
            48.51001335652491,
            92.16902537739732
        ],
        [
            39.45952609008072,
            51.29738391710494
        ],
        [
            10.026425420605358,
            19.050208299150178
        ],
        [
            20.16861245064094,
            38.32036365621778
        ],
        [
            9.239673071968745,
            17.555378836740616
        ],
        [
            36.26877600819045,
            68.91067441556186
        ],
        [
            36.14194458464545,
            57.827111335432726
        ],
        [
            10.104404055020757,
            16.16704648803321
        ],
        [
            39.95383158914616,
            75.9122800193777
        ],
        [
            32.17222507584815,
            61.12722764411148
        ],
        [
            17.944838438538643,
            34.09519303322342
        ],
        [
            17.65478049022112,
            28.247648784353796
        ],
        [
            15.483013358222555,
            24.77282137315609
        ],
        [
            39.63135644542685,
            63.410170312682965
        ],
        [
            27.361138481240065,
            43.777821569984106
        ],
        [
            19.34062400281257,
            30.944998404500115
        ],
        [
            44.08324831806285,
            57.308222813481706
        ],
        [
            2.3331373045745503,
            4.432960878691645
        ],
        [
            32.626596751135025,
            42.41457577647554
        ],
        [
            34.87607607961194,
            45.338898903495526
        ],
        [
            13.8464998224447,
            26.30834966264493
        ],
        [
            45.38548756046403,
            59.00113382860324
        ],
        [
            27.423443849455946,
            35.65047700429273
        ],
        [
            38.0366480757635,
            72.26963134395065
        ],
        [
            29.088140960858865,
            37.814583249116524
        ],
        [
            46.66382218084081,
            60.662968835093054
        ],
        [
            38.64786216886681,
            50.24222081952685
        ],
        [
            29.6167703291191,
            47.38683252659056
        ],
        [
            14.874221587528274,
            28.26102101630372
        ],
        [
            43.66451654334139,
            69.86322646934623
        ]
    ],
    "polynomial_gains": {
        "(13, 25)": 4.717941365797892,
        "(9, 3)": 13.067069388263203,
        "(29, 4)": 21.585339318695492,
        "(13, 28)": 13.936843703890286,
        "(4, 27)": 20.204326089488966,
        "(26, 34)": 45.845063088069324,
        "(40, 37)": 6.299321646247065,
        "(7, 3)": 22.68722077814889,
        "(28, 12)": 40.79422299206132,
        "(35, 5)": 4.656611622934953,
        "(38, 28)": 42.31517580315383,
        "(10, 23)": 14.129795027288282,
        "(9, 16)": 20.690173854659307,
        "(16, 7)": 31.641502602576796,
        "(22, 30)": 43.339410804832184,
        "(13, 22)": 20.437652058727224,
        "(9, 19)": 2.058220876635577,
        "(5, 28)": 10.431333696503316,
        "(30, 12)": 11.120994746810862,
        "(31, 29)": 1.3978227951887119,
        "(45, 22)": 33.94010698346731,
        "(35, 39)": 14.908656046571501,
        "(23, 32)": 4.399539659381379,
        "(0, 10)": 15.152218466215615,
        "(0, 4)": 14.198799878594073,
        "(44, 16)": 47.464490918359765,
        "(36, 18)": 44.18267817361462,
        "(28, 37)": 9.699168534397748,
        "(25, 23)": 11.466702640678655,
        "(35, 10)": 20.204765546511588,
        "(43, 34)": 20.727711195583872,
        "(33, 15)": 5.863574182227787,
        "(36, 34)": 7.130606660051159,
        "(25, 15)": 47.42959871483244,
        "(1, 3)": 26.430254805161937,
        "(26, 5)": 19.877546872225125,
        "(38, 0)": 23.070149174741942,
        "(3, 33)": 11.408495471325603,
        "(42, 8)": 42.17415279021795,
        "(14, 35)": 47.689173557592206,
        "(30, 40)": 12.218999231279831,
        "(18, 28)": 20.807647771743767,
        "(33, 14)": 43.5090437556592,
        "(36, 10)": 7.8775842941570735,
        "(41, 15)": 3.541553467973677,
        "(12, 41, 36)": 14.898373907692731,
        "(25, 33, 41)": 21.215715506650067,
        "(34, 27, 0)": 20.725442405585582,
        "(4, 15, 39)": 17.427562840619245,
        "(24, 44, 21)": 26.85246416279511,
        "(9, 7, 35)": 12.797222249291917,
        "(11, 42, 22)": 8.330953136792111,
        "(37, 24, 41)": 30.918105395991955,
        "(25, 22, 6)": 10.398927541905305,
        "(35, 15, 0)": 22.533459997768947,
        "(41, 15, 8)": 12.914784779498307,
        "(20, 3, 40)": 17.43077879337236,
        "(41, 11, 7)": 3.446869165184923,
        "(34, 11, 18)": 24.398154691965328,
        "(39, 26, 41)": 19.11813966888214,
        "(27, 4, 5)": 13.580399988169065,
        "(17, 24, 34)": 11.4460071748604,
        "(16, 42, 25)": 26.50702686668986,
        "(27, 9, 13)": 7.551914472213776,
        "(38, 21, 14)": 10.130785775898392,
        "(17, 41, 38)": 23.118825065193185,
        "(2, 3, 34)": 27.87422805234892,
        "(31, 1, 41)": 11.834187064579051,
        "(9, 30, 26, 27)": 6.493004353992,