{
    "n_items": 48,
    "gamma": 13,
    "budget": 557.0304355302352,
    "profits": [
        87.1474845854015,
        79.19982444246138,
        60.61214143779998,
        62.498411254147854,
        59.847946714829924,
        50.188035299845666,
        98.64067960084728,
        48.0427478464519,
        77.59799129132844,
        42.97630795580236,
        63.07439593707239,
        85.32126299191444,
        50.12235640859402,
        80.19054654649449,
        86.52701453614927,
        40.664625852013884,
        88.2514810556003,
        78.43793822739862,
        93.88391233768314,
        80.70140626563676,
        43.330853005640805,
        49.08761354296635,
        92.5494408253895,
        93.19683655401205,
        66.77818652826217,
        81.5465606178902,
        58.90534848663978,
        97.9536178603503,
        50.5798810958725,
        80.39175933224396,
        90.37431099134278,
        95.21478698933129,
        41.53134636583288,
        75.19577435475875,
        48.97658458131637,
        55.298457099189896,
        81.213216623925,
        86.46529946556751,
        65.784375090642,
        66.58206660312489,
        80.8788700555541,
        72.04102783821708,
        44.18849705987408,
        67.9663427446753,
        51.98201957941308,
        50.99736684181884,
        65.42538734244486,
        86.88177259298439
    ],
    "costs": [
        [
            1.7133388976643604,
            2.2273405669636688
        ],
        [
            9.398832521916356,
            17.857781791641077
        ],
        [
            4.6005711710429384,
            7.360913873668702
        ],
        [
            19.553224637832788,
            31.285159420532462
        ],
        [
            21.85486293750215,
            28.411321818752796
        ],
        [
            37.38081621196854,
            71.02355080274023
        ],
        [
            4.866752489974008,
            9.246829730950616
        ],
        [
            31.708360519211283,
            50.73337683073805
        ],
        [
            4.866193470092744,
            7.785909552148391
        ],
        [
            49.660781915298145,
            64.5590164898876
        ],
        [
            34.17925038076309,
            54.68680060922094
        ],
        [
            39.85639432162753,
            63.770230914604056
        ],
        [
            10.79584474742798,
            20.51210502011316
        ],
        [
            30.613606701541165,
            48.98177072246587
        ],
        [
            22.56409346561248,
            36.10254954497997
        ],
        [
            33.97289955180139,
            44.16476941734181
        ],
        [
            17.03524387851107,
            32.36696336917103
        ],
        [
            13.55236015977179,
            21.683776255634868
        ],
        [
            3.1766501944713736,
            4.129645252812786
        ],
        [
            36.96162527117821,
            59.13860043388513
        ],
        [
            37.26023787733706,
            48.43830924053818
        ],
        [
            16.06948372864619,
            20.89032884724005
        ],
        [
            20.621761837499484,
            26.80829038874933
        ],
        [
            11.812977963900453,
            22.444658131410858
        ],
        [
            30.79961284321454,
            40.0394966961789
        ],
        [
            8.469645957435322,
            16.09232731912711
        ],
        [
            34.611177116886694,
            55.37788338701871
        ],
        [
            7.729363126667178,
            12.366981002667487
        ],
        [
            20.804765351718455,
            33.28762456274953
        ],
        [
            40.66602243670998,
            77.26544262974896
        ],
        [
            39.59782120987398,
            63.35651393579837
        ],
        [
            8.022049264572168,
            15.241893602687117
        ],
        [
            37.645739576867534,
            71.52690519604832
        ],
        [
            42.723699993512206,
            55.54080999156587
        ],
        [
            14.818816205054087,
            19.264461066570313
        ],
        [
            15.826600501720344,
            30.070540953268655
        ],
        [
            25.057576083684015,
            47.609394558999625
        ],
        [
            5.339935623003502,
            8.543896996805604
        ],
        [
            3.899855657616643,
            7.4097257494716215
        ],
        [
            30.905957535674123,
            40.17774479637636
        ],
        [
            38.36582891088259,
            49.87557758414737
        ],
        [
            4.695040617536927,
            6.1035528027980055
        ],
        [
            27.71291857611595,
            36.026794148950735
        ],
        [
            27.939258225361314,
            36.32103569296971
        ],
        [
            41.12774404042694,
            78.14271367681118
        ],
        [
            21.214368076853795,
            27.578678499909934
        ],
        [
            45.674814837884085,
            86.78214819197976
        ],
        [
            26.336094438605446,
            34.23692277018708
        ]
    ],
    "polynomial_gains": {
        "(12, 3)": 8.126743416889397,
        "(41, 8)": 35.55985399925937,
        "(20, 29)": 12.198740481899087,
        "(27, 31)": 18.704369539341968,
        "(34, 44)": 25.389266019082704,
        "(28, 0)": 30.560771001138573,
        "(20, 23)": 47.5043954861102,
        "(35, 37)": 28.582136230514415,
        "(9, 35)": 43.24917506687587,
        "(18, 45)": 24.94033732245901,
        "(5, 26)": 9.796477541582021,
        "(24, 17)": 10.19448401649168,
        "(32, 40)": 28.295277431852274,
        "(41, 0)": 31.754343029506394,
        "(5, 27)": 41.287770508153976,
        "(43, 7)": 37.34308063770653,
        "(31, 42)": 44.24563321525951,
        "(1, 19)": 7.677335732746322,
        "(20, 1)": 21.340914663830656,
        "(1, 36)": 34.427393320066074,
        "(15, 40)": 41.534657845337044,
        "(12, 26)": 34.2558295879792,
        "(28, 24)": 30.950901960796408,
        "(22, 27)": 29.071568888035717,
        "(35, 13)": 21.70613903239455,
        "(10, 25)": 7.84980120832855,
        "(11, 41)": 4.039723340043218,
        "(25, 18)": 43.129264208488976,
        "(9, 43)": 42.26167300667472,
        "(13, 31)": 3.6171989454422264,
        "(0, 33)": 11.382993969994086,
        "(44, 19)": 45.41631033122258,
        "(2, 26)": 8.138634112393824,
        "(17, 13)": 4.371787798128834,
        "(23, 7)": 10.427221016182756,
        "(7, 36)": 17.787705580775047,
        "(14, 8)": 10.813026298526573,
        "(21, 11)": 21.979783472672263,
        "(30, 19)": 45.51228799334543,
        "(40, 18)": 47.57006807877994,
        "(32, 9)": 40.986568947929996,
        "(41, 25)": 44.98069283032829,
        "(30, 36)": 26.71560965800519,
        "(45, 3)": 39.34483642756395,
        "(42, 7)": 37.53451280253552,
        "(24, 8)": 36.66325795484557,
        "(17, 44)": 10.205619599546136,
        "(2, 12)": 9.474673908295333,
        "(1, 30, 47)": 20.770830901336662,
        "(8, 37, 20)": 9.011743996280437,
        "(43, 14, 28)": 15.93764413532084,
        "(18, 26, 3)": 21.241286153632807,
        "(22, 34, 31)": 10.60326612464974,
        "(2, 3, 46)": 31.83099437327637,
        "(14, 29, 19)": 13.021437705599656,
        "(5, 39, 33)": 6.423530088905828,
        "(7, 5, 35)": 7.036518491123384,
        "(5, 27, 21)": 19.806019180051702,
        "(36, 27, 21)": 29.852133055442085,
        "(15, 20, 17)": 22.483411007221328,
        "(19, 34, 25)": 16.55370107913746,
        "(32, 22, 11)": 17.69102409419478,
        "(12, 34, 1)": 6.829425420563227,
        "(3, 32, 31)": 19.904415412208177,
        "(11, 0, 6)": 22.662177067071347,