{
    "n_items": 49,
    "gamma": 32,
    "budget": 337.9991100289239,
    "profits": [
        99.53016494268192,
        77.70150404195451,
        87.87430430681394,
        59.37182037043118,
        79.5844566489805,
        95.8911098230999,
        50.90801207238489,
        79.73447366831742,
        84.2262042828694,
        45.8282573069588,
        52.699345074550536,
        63.00613028181174,
        79.38217095959959,
        92.27069855551808,
        88.52578949168219,
        52.494040469351766,
        99.8462795528838,
        50.94729959130482,
        87.24987032502682,
        97.85627992513143,
        79.41667560334466,
        47.891649846951225,
        55.393606127575374,
        87.63650849178359,
        66.16826936355008,
        95.85092689738184,
        55.67922500958393,
        63.248075589563726,
        74.92606531146716,
        78.54488539042217,
        93.5506891035399,
        69.42169935660374,
        64.41245866282541,
        61.010781266235085,
        70.31165132437042,
        51.586780056874616,
        70.58142427818714,
        66.51628942762925,
        96.80242334967306,
        65.62317085751255,
        45.61045296881358,
        65.38238154371325,
        82.75173052759183,
        52.61260502960952,
        57.4002545962431,
        51.34260000632814,
        59.25884548340872,
        82.85422078159911,
        73.86558668616789
    ],
    "costs": [
        [
            20.93083101299386,
            39.768578924688335
        ],
        [
            37.8636424915965,
            71.94092073403336
        ],
        [
            45.724275561433465,
            86.87612356672358
        ],
        [
            26.032637910249,
            49.4620120294731
        ],
        [
            34.82009559971693,
            45.26612427963201
        ],
        [
            5.447501231302882,
            8.71600197008461
        ],
        [
            27.80727210715294,
            52.83381700359058
        ],
        [
            26.11084801534884,
            49.61061122916279
        ],
        [
            1.3798111752882072,
            2.6216412330475936
        ],
        [
            44.64424306980526,
            84.82406183263
        ],
        [
            5.201857054823688,
            9.883528404165007
        ],
        [
            48.365458277661574,
            77.38473324425853
        ],
        [
            6.9764635515966456,
            9.069402617075639
        ],
        [
            29.811508071868833,
            38.754960493429486
        ],
        [
            29.999917392399848,
            56.99984304555971
        ],
        [
            25.30540491164384,
            48.080269332123294
        ],
        [
            21.2328229095141,
            27.602669782368327
        ],
        [
            3.2552591920432215,
            6.184992464882121
        ],
        [
            39.50922687618713,
            75.06753106475554
        ],
        [
            43.09886956761559,
            81.88785217846961
        ],
        [
            18.618829418438175,
            35.37577589503253
        ],
        [
            1.9645828688784785,
            2.5539577295420224
        ],
        [
            13.842879950046223,
            17.99574393506009
        ],
        [
            37.6689534493797,
            60.27032551900752
        ],
        [
            45.24425514112019,
            72.39080822579231
        ],
        [
            7.737581813179756,
            14.701405445041535
        ],
        [
            23.95762583758357,
            45.51948909140878
        ],
        [
            38.45270794535821,
            61.52433271257314
        ],
        [
            40.714952824750895,
            77.35841036702669
        ],
        [
            36.73735627331608,
            58.77977003730573
        ],
        [
            20.457673791166346,
            32.732278065866154
        ],
        [
            20.879575138556646,
            27.14344768012364
        ],
        [
            43.37711686712553,
            82.4165220475385
        ],
        [
            9.921493365071445,
            18.850837393635743
        ],
        [
            24.654856633220025,
            46.84422760311804
        ],
        [
            30.195883883849028,
            39.25464904900374
        ],
        [
            3.825874708121487,
            4.9736371205579335
        ],
        [
            40.63742994856305,
            65.01988791770088
        ],
        [
            49.56583110665632,
            94.175079102647
        ],
        [
            45.20225441444508,
            85.88428338744565
        ],
        [
            12.167607069990517,
            19.46817131198483
        ],
        [
            28.226681677519927,
            36.6946861807759
        ],
        [
            47.36826283929083,
            75.78922054286532
        ],
        [
            19.609008308047798,
            25.491710800462137
        ],
        [
            6.598367354534799,
            10.55738776725568
        ],
        [
            42.96070596708605,
            81.6253413374635
        ],
        [
            32.938639526682095,
            42.82023138468673
        ],
        [
            49.152004833100605,
            93.38880918289115
        ],
        [
            35.79950118037445,
            46.539351534486784
        ]
    ],
    "polynomial_gains": {
        "(28, 16)": 7.355015637692975,
        "(34, 10)": 16.761848403591124,
        "(29, 1)": 19.833393866501027,
        "(29, 47)": 45.23174221808088,
        "(35, 9)": 4.9491536727025585,
        "(39, 46)": 31.876966817509466,
        "(30, 3)": 15.235366716704462,
        "(14, 0)": 43.257578892712885,
        "(22, 18)": 38.2645147915778,
        "(31, 27)": 8.43262908492439,
        "(1, 46)": 5.760084614252046,
        "(4, 39)": 43.01779267672337,
        "(48, 5)": 24.05226754912057,
        "(25, 8)": 28.20625896682351,
        "(15, 39)": 21.763240191546245,
        "(2, 47)": 19.916556521113787,
        "(31, 28)": 30.84859850922877,
        "(28, 14)": 19.30914181684804,
        "(9, 45)": 46.509114026836734,
        "(29, 20)": 45.9081435288119,
        "(16, 40)": 41.87145499100915,
        "(8, 9)": 19.69071802664102,
        "(6, 28)": 19.118847389054228,
        "(41, 47)": 8.657230718357486,
        "(32, 44)": 20.578220692475725,
        "(46, 1)": 30.73835605804886,
        "(30, 7)": 12.6824422535337,
        "(45, 14)": 37.22217583332364,
        "(19, 15)": 30.86025503916822,
        "(29, 7)": 25.538374258790057,
        "(2, 11)": 45.61577232450868,
        "(24, 28)": 19.53796672969251,
        "(26, 44)": 47.70710126449664,
        "(45, 24)": 15.908690348703441,
        "(8, 47)": 39.66026741163198,
        "(7, 16)": 11.74122260069926,
        "(11, 5)": 13.235573544586426,
        "(45, 32)": 22.90797213337774,
        "(47, 26)": 10.773491487072805,
        "(11, 44)": 11.686011031546318,
        "(27, 13)": 36.32274552565574,
        "(41, 48)": 20.840817919121246,
        "(35, 4)": 45.69825451270562,
        "(30, 39)": 14.684242280573237,
        "(1, 41)": 32.88409840315058,
        "(27, 29)": 30.00269797460176,
        "(43, 17)": 32.07942159044153,
        "(43, 44)": 31.406245925490502,
        "(6, 33)": 4.567297377642524,
        "(7, 17, 33)": 26.94325826422075,
        "(33, 1, 15)": 26.674656284307588,
        "(40, 2, 13)": 7.639709523374082,
        "(17, 42, 4)": 32.33209733034542,
        "(41, 11, 7)": 11.639262038588761,
        "(43, 1, 9)": 11.72016294537105,
        "(3, 5, 33)": 16.328374227016063,
        "(21, 28, 20)": 25.45644819016413,
        "(22, 19, 26)": 31.779186941519786,
        "(37, 12, 30)": 20.952895678261594,
        "(31, 2, 46)": 8.778282032074976,
        "(23, 27, 12)": 1.2710000605909273,
        "(36, 42, 20)": 18.310905834600586,