{
    "n_items": 46,
    "profits": [
        85.14021616797942,
        82.1563719558541,
        91.51166976411142,
        49.3228101849179,
        66.31116111182165,
        73.88077820032319,
        43.091185677474826,
        57.089229379716556,
        52.08854564040554,
        42.51384505711406,
        52.23574323303882,
        77.18450897450319,
        88.95521379997041,
        44.68752884840282,
        70.78734390850451,
        56.112739250013036,
        91.19367800207195,
        74.65147099473911,
        57.78784421681952,
        74.19951740393972,
        86.0699350042631,
        39.297963214436486,
        48.57349639537625,
        86.21957084880108,
        44.68497793371877,
        99.02225720955411,
        92.68655900662264,
        77.50176284149495,
        41.02093150306386,
        79.72560017893926,
        94.13741377123296,
        87.72299010432849,
        60.53546568182438,
        64.3859098941606,
        64.50538270035874,
        43.96605434668824,
        57.377848568027446,
        86.14969429856575,
        65.69703501668764,
        60.55529355624522,
        71.69961687082501,
        52.100932528908615,
        97.33449396132752,
        54.44411611400255,
        67.09900477370778,
        94.82128888476417
    ],
    "costs": [
        [
            5.852159123882845,
            11.119102335377404
        ],
        [
            40.59421779547459,
            52.77248313411697
        ],
        [
            32.80420540661149,
            42.645467028594936
        ],
        [
            36.998352474775004,
            48.09785821720751
        ],
        [
            19.588004982287433,
            25.464406476973664
        ],
        [
            45.142214464616956,
            58.68487880400205
        ],
        [
            37.052464769295746,
            48.168204200084475
        ],
        [
            42.507830175981496,
            68.0125282815704
        ],
        [
            20.92627360257054,
            39.759919844884024
        ],
        [
            31.06225202843931,
            49.6996032455029
        ],
        [
            14.62398404413293,
            23.39837447061269
        ],
        [
            33.68793688803338,
            43.79431795444339
        ],
        [
            40.04193647419546,
            76.07967930097136
        ],
        [
            27.379528277960926,
            52.02110372812576
        ],
        [
            5.902094038620129,
            11.213978673378245
        ],
        [
            43.284159882434146,
            56.269407847164395
        ],
        [
            31.577107290859306,
            41.0502394781171
        ],
        [
            46.79619428638817,
            60.835052572304626
        ],
        [
            19.25968345899617,
            36.593398572092724
        ],
        [
            10.741973547578633,
            13.964565611852223
        ],
        [
            15.530742623471033,
            24.849188197553655
        ],
        [
            30.1708945848208,
            57.32469971115952
        ],
        [
            46.58919727259485,
            88.51947481793022
        ],
        [
            32.81388746847932,
            42.65805370902312
        ],
        [
            23.806408317882873,
            30.948330813247736
        ],
        [
            48.19725959603901,
            91.57479323247412
        ],
        [
            47.12295692837257,
            89.53361816390787
        ],
        [
            39.630428135206465,
            51.519556575768405
        ],
        [
            10.745444035532845,
            13.969077246192699
        ],
        [
            14.084606695379861,
            18.30998870399382
        ],
        [
            30.43728172370602,
            39.56846624081783
        ],
        [
            15.152099251139942,
            28.788988577165888
        ],
        [
            36.618544359479614,
            69.57523428301127
        ],
        [
            2.2031189561634297,
            2.8640546430124587
        ],
        [
            2.141701498968724,
            4.069232848040575
        ],
        [
            34.125404490295615,
            64.83826853156167
        ],
        [
            16.19301178822505,
            30.766722397627593
        ],
        [
            23.424097343774665,
            30.451326546907065
        ],
        [
            40.878753422398304,
            53.1423794491178
        ],
        [
            13.62879576723723,
            25.894711957750737
        ],
        [
            1.3000532486646033,
            2.470101172462746
        ],
        [
            14.53380712758701,
            23.254091404139217
        ],
        [
            18.32182427314203,
            34.81146611896986
        ],
        [
            21.876417729861185,
            41.56519368673625
        ],
        [
            40.39699677172816,
            64.63519483476506
        ],
        [
            36.33947558489538,
            69.04500361130123
        ]
    ],
    "polynomial_gains": {
        "(18, 40)": 47.9392051988107,
        "(4, 12)": 23.12138078468455,
        "(7, 16)": 7.920928846671349,
        "(6, 22)": 40.24584604674115,
        "(19, 25)": 7.082356085837658,
        "(39, 28)": 48.335434021508476,
        "(31, 27)": 28.847493720865593,
        "(33, 34)": 6.032551131287526,
        "(39, 5)": 24.367160482997647,
        "(20, 8)": 46.385991651732944,
        "(18, 14)": 2.3392387210679657,
        "(36, 38)": 4.3783725485854905,
        "(34, 4)": 25.787506101371818,
        "(43, 34)": 31.95377932251867,
        "(14, 24)": 41.60294224558588,
        "(17, 45)": 33.89938970611692,
        "(12, 23)": 34.704471037555074,
        "(45, 6)": 4.2494770308458385,
        "(11, 5)": 45.23942308614025,
        "(22, 35)": 5.459864646252517,
        "(0, 18)": 4.180351002534431,
        "(34, 16)": 47.62288377339221,
        "(25, 2)": 27.025569152083346,
        "(18, 5, 22)": 9.184752748922,
        "(29, 22, 20)": 22.986961245501504,
        "(26, 31, 37)": 23.365747175915775,
        "(33, 10, 26)": 5.302069662838876,
        "(14, 42, 10)": 16.060239610225754,
        "(14, 45, 28)": 8.79304692037422,
        "(44, 34, 33)": 31.78482609592259,
        "(21, 38, 36)": 20.043813189076417,
        "(3, 23, 20)": 6.882386880941726,
        "(16, 22, 19)": 32.3766301818225,
        "(29, 39, 18)": 30.228038025837535,
        "(18, 10, 15, 0)": 10.443392978338503,
        "(17, 36, 8, 22)": 14.525378172374786,
        "(26, 31, 27, 32)": 6.51010870512482,
        "(28, 42, 8, 1)": 14.922100677309944,
        "(27, 28, 21, 31)": 1.917871318554906,
        "(1, 2, 21, 6, 12)": 3.3511044263006005,
        "(17, 36, 12, 0, 24)": 2.5675229850933854,
        "(27, 7, 23, 5, 22, 10)": 8.668049144066794
    },
    "gamma": 23,
    "budget": 310.52144550204537
}