{
    "n_items": 57,
    "profits": [
        63.751917163519465,
        92.89332948669465,
        66.89107003080031,
        93.02571776146021,
        52.88713993119748,
        83.48234731708214,
        98.48298164522956,
        74.43827381008543,
        99.0656814053507,
        44.62671500498206,
        40.150166031114395,
        93.69726023486871,
        76.53425808275213,
        93.36018886539753,
        94.18733737038963,
        90.08914606358147,
        41.09287283234981,
        87.61132250031469,
        41.653149550467774,
        97.13736881416915,
        49.344692217941876,
        42.778821634249375,
        64.96253587731438,
        55.23829578860456,
        77.83571529198976,
        63.47016127084719,
        76.45349829266655,
        56.08723038691852,
        95.41568774347164,
        68.54232812982005,
        91.72468119013894,
        54.20747998803071,
        52.49931212475757,
        77.46115479007764,
        47.058213013660804,
        46.81194833413999,
        53.354303197845724,
        56.10717082395925,
        45.74849847661703,
        94.29753154922415,
        97.95250469543114,
        83.95010036414504,
        46.43600927251916,
        58.79713270918103,
        49.53256480125971,
        73.33383839315624,
        41.21251735995054,
        59.33284783644926,
        47.854253107769786,
        71.67814480784949,
        79.20199882482476,
        70.76031674930597,
        62.49690496290005,
        98.89003989357641,
        66.30736173658445,
        98.956434689253,
        43.0015538884322
    ],
    "costs": [
        [
            23.661873665009907,
            30.76043576451288
        ],
        [
            46.179185095176706,
            60.03294062372972
        ],
        [
            44.73391834597723,
            84.99444485735674
        ],
        [
            25.644959939238767,
            33.3384479210104
        ],
        [
            41.77220977632613,
            54.30387270922397
        ],
        [
            3.4822329421680944,
            6.616242590119379
        ],
        [
            34.879192876057544,
            55.80670860169207
        ],
        [
            45.010117411845926,
            72.01618785895349
        ],
        [
            30.487692284793997,
            48.7803076556704
        ],
        [
            16.773112597544035,
            21.805046376807248
        ],
        [
            21.746855912025612,
            41.319026232848664
        ],
        [
            38.11539517546826,
            60.98463228074922
        ],
        [
            22.253954326748257,
            35.606326922797216
        ],
        [
            43.04526647494841,
            68.87242635991747
        ],
        [
            25.285441530868937,
            40.4567064493903
        ],
        [
            18.27660566832767,
            23.75958736882597
        ],
        [
            44.83588557992348,
            85.1881826018546
        ],
        [
            4.481047660749626,
            8.51399055542429
        ],
        [
            39.94434651393129,
            63.910954422290075
        ],
        [
            16.092937214317644,
            30.576580707203522
        ],
        [
            30.638436974725604,
            39.829968067143284
        ],
        [
            31.704038373042792,
            60.2376729087813
        ],
        [
            46.86570583859911,
            74.98512934175858
        ],
        [
            21.588047458047892,
            41.01729017029099
        ],
        [
            31.411951955074034,
            40.835537541596246
        ],
        [
            26.026673119091036,
            41.64267699054566
        ],
        [
            29.273864571194533,
            55.62034268526961
        ],
        [
            14.533090507718642,
            18.893017660034236
        ],
        [
            12.037249573505632,
            15.648424445557321
        ],
        [
            42.505828990994424,
            55.257577688292756
        ],
        [
            44.52587070532796,
            84.59915434012312
        ],
        [
            39.203006635069634,
            74.4857126066323
        ],
        [
            24.217239505628648,
            46.01275506069443
        ],
        [
            33.977582357551334,
            64.55740647934753
        ],
        [
            40.85469768292437,
            77.6239255975563
        ],
        [
            29.89003109712941,
            38.857040426268235
        ],
        [
            12.525620405444718,
            16.283306527078135
        ],
        [
            49.79607448578238,
            64.73489683151709
        ],
        [
            37.61171579345269,
            48.895230531488494
        ],
        [
            11.207337285259948,
            14.569538470837934
        ],
        [
            5.1504348800266095,
            8.240695808042576
        ],
        [
            31.729361133890887,
            41.24816947405815
        ],
        [
            7.18669215505734,
            9.342699801574543
        ],
        [
            46.961205324660654,
            75.13792851945705
        ],
        [
            31.436705542629824,
            50.29872886820772
        ],
        [
            37.120408156061046,
            70.52877549651599
        ],
        [
            44.223083217291624,
            70.7569331476666
        ],
        [
            4.6441330232556215,
            7.430612837208995
        ],
        [
            3.299273580698326,
            6.2686198033268195
        ],
        [
            41.589210239687276,
            66.54273638349964
        ],
        [
            13.307098618497113,
            17.299228204046248
        ],
        [
            49.72271496262055,
            79.55634394019289
        ],
        [
            24.356017296242467,
            46.27643286286069
        ],
        [
            35.620712420176076,
            56.99313987228172
        ],
        [
            6.134519972716339,
            9.815231956346143
        ],
        [
            33.78584526354126,
            54.057352421666025
        ],
        [
            38.013014988356794,
            72.2247284778779
        ]
    ],
    "polynomial_gains": {
        "(54, 12)": 29.842245698203623,
        "(0, 5)": 8.9903315923066,
        "(21, 34)": 26.22284006287552,
        "(15, 40)": 44.10248171847166,
        "(12, 13)": 27.720548307105368,
        "(22, 35)": 2.663102829095277,
        "(22, 54)": 35.03328632690912,
        "(4, 51)": 16.70606433948393,
        "(39, 3)": 16.045978866145724,
        "(46, 27)": 43.30425751012494,
        "(13, 43)": 43.333545793476866,
        "(49, 50)": 3.6285044618572755,
        "(40, 26)": 40.161509108618105,
        "(5, 39)": 19.322423152567943,
        "(15, 31)": 32.528417742378025,
        "(37, 20)": 6.693365262053545,
        "(32, 35)": 22.97980452896799,
        "(10, 35)": 48.2636293124951,
        "(51, 36)": 27.261951901605205,
        "(48, 53)": 33.78530090320171,
        "(32, 36)": 49.06722419703746,
        "(32, 54)": 24.833871996984534,
        "(25, 6)": 45.7427819649345,
        "(36, 38)": 13.9063633857859,
        "(24, 26)": 11.172396171005602,
        "(40, 1)": 27.207149579743856,
        "(19, 36)": 20.275617041635627,
        "(12, 29)": 8.292894201227927,
        "(16, 54, 13)": 10.220565807805226,
        "(21, 56, 23)": 19.600727429847506,
        "(25, 7, 34)": 26.212612260774026,
        "(55, 20, 17)": 23.12329432966422,
        "(16, 47, 28)": 19.946590322078507,
        "(29, 40, 10)": 19.641947616504144,
        "(10, 14, 38)": 9.69408688080115,
        "(14, 0, 12)": 17.137770162477594,
        "(35, 48, 26)": 17.715865322426378,
        "(5, 6, 54)": 29.09247063176665,
        "(36, 8, 20)": 26.60728802145757,
        "(50, 3, 0)": 4.706322455253008,