{
    "n_items": 65,
    "profits": [
        59.02506098213526,
        90.66543344754433,
        73.1910333016922,
        75.52152780575787,
        99.06605431882491,
        41.70170361938126,
        74.69533895579445,
        85.69554496398038,
        43.26060807840628,
        60.18370429585851,
        95.99785584095108,
        91.00475806090151,
        80.82320233250945,
        70.11868841638558,
        89.85902438010865,
        79.18821860686074,
        42.120764002225215,
        86.72812788834162,
        96.44810948527626,
        49.340606499735955,
        58.87639937358419,
        84.75568510970186,
        65.50441299921559,
        80.13324950937015,
        50.23735537054495,
        56.91804594918142,
        86.84728615188504,
        74.15755074451599,
        70.95057968797803,
        93.07875303663896,
        73.17433404123688,
        41.2768963006781,
        44.72640908255572,
        50.265658784599786,
        59.03667273620165,
        72.5061029033597,
        66.30851135994929,
        55.35292560524961,
        91.59813201838742,
        83.39493961779752,
        98.56911025360571,
        66.86205961473998,
        77.61369984794705,
        72.10883536489597,
        80.91723841522324,
        58.22789804367372,
        61.23418524254578,
        58.71045551301051,
        87.93152707635727,
        57.08998627113695,
        87.28627904452148,
        54.18489026152097,
        64.66154918022262,
        97.49436853253383,
        65.23253286457465,
        52.42641990462718,
        47.19122854105215,
        79.90540330599157,
        85.71573345900752,
        88.93504404353524,
        44.67899960404776,
        47.06150605904181,
        75.99002095502658,
        85.44564392870598,
        85.55697728814238
    ],
    "costs": [
        [
            40.55276701069759,
            64.88442721711615
        ],
        [
            15.0958420546929,
            24.15334728750864
        ],
        [
            8.53641589965025,
            16.219190209335473
        ],
        [
            28.738299183179365,
            37.35978893813318
        ],
        [
            22.3599322206771,
            42.483871219286485
        ],
        [
            39.29785095672877,
            74.66591681778466
        ],
        [
            46.46128887608182,
            74.3380622017309
        ],
        [
            14.484709558720613,
            23.175535293952983
        ],
        [
            13.65515948342474,
            17.751707328452163
        ],
        [
            29.330598482050508,
            38.12977802666566
        ],
        [
            7.189740761147054,
            13.660507446179402
        ],
        [
            6.805097876488942,
            10.888156602382308
        ],
        [
            28.394502065399355,
            45.43120330463897
        ],
        [
            26.923039980816107,
            34.99995197506094
        ],
        [
            2.06452269481522,
            3.9225931201489184
        ],
        [
            21.291929026642062,
            27.679507734634683
        ],
        [
            46.80084387518028,
            60.841097037734365
        ],
        [
            19.560171273562418,
            37.164325419768595
        ],
        [
            10.118578860496886,
            19.22529983494408
        ],
        [
            33.29005555710814,
            43.277072224240584
        ],
        [
            5.2063094689756655,
            6.768202309668365
        ],
        [
            35.676838181267264,
            57.082941090027624
        ],
        [
            29.80812568296869,
            56.63543879764051
        ],
        [
            48.29982021639488,
            62.78976628131334
        ],
        [
            11.248435770693355,
            14.622966501901361
        ],
        [
            3.385229391237366,
            6.4319358433509946
        ],
        [
            10.326918533802653,
            13.424994093943448
        ],
        [
            2.414868052233397,
            3.1393284679034164
        ],
        [
            15.34497064626225,
            29.155444227898275
        ],
        [
            38.92839404317563,
            73.96394868203369
        ],
        [
            6.1603064251233075,
            8.0083983526603
        ],
        [
            24.467506059048066,
            46.48826151219132
        ],
        [
            14.149761496635001,
            22.639618394616004
        ],
        [
            45.84914226185778,
            73.35862761897245
        ],
        [
            5.241047493632084,
            6.813361741721709
        ],
        [
            21.573217107945208,
            28.04518224032877
        ],
        [
            30.761188503664968,
            49.21790160586395
        ],
        [
            48.30900363330698,
            77.29440581329118
        ],
        [
            15.828351060442568,
            30.07386701484088
        ],
        [
            32.97500149852793,
            62.65250284720307
        ],
        [
            25.589134115182173,
            40.942614584291476
        ],
        [
            17.24965711135393,
            27.59945137816629
        ],
        [
            24.54936492495318,
            39.27898387992509
        ],
        [
            20.969929939197144,
            33.55188790271543
        ],
        [
            42.58278828123558,
            68.13246124997693
        ],
        [
            6.128092815597426,
            7.966520660276654
        ],
        [
            49.4074871746641,
            79.05197947946256
        ],
        [
            49.92166232446764,
            79.87465971914823
        ],
        [
            12.496342452050294,
            23.74305065889556
        ],
        [
            7.762767730207135,
            12.420428368331416
        ],
        [
            31.955197986186413,
            60.714876173754185
        ],
        [
            22.07334598502293,
            41.939357371543565
        ],
        [
            14.631631781166012,
            19.021121315515817
        ],
        [
            36.11191427626557,
            57.77906284202492
        ],
        [
            20.149907713288382,
            32.23985234126141
        ],
        [
            47.999701111886786,
            62.39961144545283
        ],
        [
            3.0282871182069093,
            5.7537455245931275
        ],
        [
            30.874637909088605,
            58.66181202726835
        ],
        [
            47.80558910505703,
            76.48894256809125
        ],
        [
            39.592505624882996,
            75.22576068727768
        ],
        [
            29.34170627081411,
            38.14421815205834
        ],
        [
            31.548653631877787,
            59.94244190056779
        ],
        [
            23.07363554494056,
            29.99572620842273
        ],
        [
            15.89531377946808,
            30.20109618098935
        ],
        [
            21.481343913061806,
            40.814553434817434
        ]
    ],
    "polynomial_gains": {
        "(33, 36)": 32.24515306700202,
        "(10, 41)": 24.405028064971606,
        "(2, 5)": 6.8498512118528,
        "(56, 22)": 42.946819611212575,
        "(60, 5)": 26.306857417023636,
        "(5, 60)": 7.303651859002598,
        "(64, 57)": 26.480282671859403,
        "(59, 28)": 42.020969488431284,
        "(7, 20)": 5.687315444127946,
        "(20, 24)": 22.691458744098476,
        "(48, 27)": 46.96105889270325,
        "(0, 2)": 13.889175604831737,
        "(33, 18)": 14.525910522764242,
        "(4, 1)": 25.11659606647766,
        "(55, 19)": 19.54577375428533,
        "(39, 21)": 39.483419843587555,
        "(30, 35)": 30.121841375540285,
        "(35, 46)": 5.950755194476832,
        "(14, 47)": 39.470869955160516,