{
    "n_items": 82,
    "profits": [
        64.50068160345707,
        87.5368627679176,
        64.54548281901822,
        64.30260488285145,
        50.76179778368946,
        76.35085295624371,
        82.5332825467529,
        87.89211221769992,
        46.264713811045766,
        41.735311828448836,
        46.794464908580665,
        64.63218198028362,
        80.26620943600133,
        76.81991639131034,
        65.19359794019812,
        96.41130045007606,
        97.88157647736165,
        68.23177428826493,
        53.9454173747847,
        60.10745126920595,
        64.50444447050262,
        52.77066735761504,
        95.59308887754145,
        69.34585465198619,
        44.9845750361379,
        50.25365126217535,
        71.17966877560056,
        73.60324376453124,
        72.22121752988237,
        53.57981157370337,
        41.51410972321094,
        89.57354039418644,
        72.34429186517983,
        90.2068670291444,
        44.61642728765194,
        57.32953439686948,
        43.270350513662706,
        50.069158414581196,
        80.88103797754181,
        79.9004574840518,
        53.07233890797907,
        83.00521356048162,
        89.39851732980024,
        70.79155245005745,
        51.80363786391016,
        42.97572718766478,
        72.41439277610871,
        90.49152365685154,
        61.20940008642981,
        55.702689215243794,
        76.77099134670567,
        78.98506058315087,
        42.17313724792641,
        95.73321896609013,
        43.890526653356886,
        53.6080926083573,
        43.03323491138295,
        71.0258980282224,
        44.303622581488,
        60.59434738076618,
        67.1586817338723,
        64.49662622482687,
        62.28540413790752,
        41.863542558811474,
        41.65620807425825,
        63.12367711200961,
        63.0961419785899,
        86.12340497449736,
        61.61991865715348,
        83.83552335889091,
        72.71276083250312,
        84.30303610792924,
        93.79569628723902,
        79.65610513024689,
        63.055501079820345,
        40.99756720383418,
        99.93714730610523,
        53.16356196136776,
        79.41689469056945,
        68.8033380376348,
        87.54269969868153,
        40.42438646552219
    ],
    "costs": [
        [
            13.726249584512846,
            26.079874210574406
        ],
        [
            10.477816085903772,
            13.621160911674904
        ],
        [
            46.28242718072135,
            74.05188348915416
        ],
        [
            10.519051168991599,
            19.986197221084037
        ],
        [
            22.046093418442258,
            41.88757749504029
        ],
        [
            46.45694308262035,
            88.26819185697866
        ],
        [
            44.49935566338982,
            57.849162362406766
        ],
        [
            12.296945262779097,
            23.364195999280284
        ],
        [
            38.77280110610985,
            73.66832210160872
        ],
        [
            8.71859390135197,
            11.33417207175756
        ],
        [
            24.484290807025026,
            39.174865291240046
        ],
        [
            47.382054403861936,
            75.8112870461791
        ],
        [
            26.69070090970838,
            34.69791118262089
        ],
        [
            30.515304331086597,
            39.669895630412576
        ],
        [
            13.399336871727147,
            21.438938994763436
        ],
        [
            14.953455757123841,
            28.411565938535297
        ],
        [
            5.447641273907406,
            8.71622603825185
        ],
        [
            48.82533336087903,
            78.12053337740645
        ],
        [
            40.660955041346426,
            52.85924155375036
        ],
        [
            33.158756981182925,
            63.00163826424755
        ],
        [
            49.58110838912071,
            94.20410593932934
        ],
        [
            26.57037797270177,
            50.48371814813336
        ],
        [
            27.33949541220472,
            51.945041283188964
        ],
        [
            16.80175444532262,
            21.842280778919406
        ],
        [
            27.62390502172532,
            44.19824803476052
        ],
        [
            19.692917005015985,
            31.508667208025578
        ],
        [
            33.93296763725286,
            54.292748219604576
        ],
        [
            46.755500559175594,
            88.83545106243362
        ],
        [
            49.43480222748912,
            79.0956835639826
        ],
        [
            30.595600903883224,
            39.774281175048195
        ],
        [
            38.987691184652284,
            74.07661325083934
        ],
        [
            36.26318363377522,
            68.90004890417292
        ],
        [
            16.369485485094508,
            21.280331130622862
        ],
        [
            9.887200763806954,
            18.785681451233213
        ],
        [
            14.68352327325543,
            23.493637237208688
        ],
        [
            15.683931903519799,
            25.094291045631678
        ],
        [
            8.677578675258246,
            11.28085227783572
        ],
        [
            18.55626209561253,
            24.12314072429629
        ],
        [
            49.95898562634663,
            94.9220726900586
        ],
        [
            8.664272361421885,
            11.263554069848452
        ],
        [
            25.358824052611794,
            40.574118484178875
        ],
        [
            48.73363067459417,
            92.59389828172891
        ],
        [
            41.780298435467685,
            54.314387966107994
        ],
        [
            34.013727519140595,
            44.217845774882775
        ],
        [
            44.83027316826581,
            85.17751901970504
        ],
        [
            40.37911197754739,
            64.60657916407582
        ],
        [
            17.83118384017283,
            23.18053899222468
        ],
        [
            12.515125970136467,
            16.26966376117741
        ],
        [
            47.387142059811836,
            90.03556991364249
        ],
        [
            3.0517462810984632,
            4.882794049757542
        ],
        [
            14.329314189283927,
            22.926902702854285
        ],
        [
            44.09724546831574,
            83.7847663897999
        ],
        [
            34.36459882085422,
            54.983358113366755
        ],
        [
            25.642513725871215,
            33.33526784363258
        ],
        [
            5.587974590886751,
            7.2643669681527765
        ],
        [
            22.851697912407126,
            29.707207286129265
        ],
        [
            20.036491479971698,
            32.05838636795472
        ],
        [
            40.77706183943326,
            77.47641749492318
        ],
        [
            48.97625629895409,
            93.05488696801277
        ],
        [
            25.660710457785253,
            41.05713673245641
        ],
        [
            2.58727913072752,
            4.915830348382288
        ],
        [
            45.61313771865899,
            86.66496166545208
        ],
        [
            8.400482374400275,
            13.44077179904044
        ],
        [
            4.946741339364896,
            9.398808544793301
        ],
        [
            34.23912844023559,
            54.782605504376946
        ],
        [
            21.71370297392737,
            41.256035650461996
        ],
        [
            33.4667607304911,
            53.546817168785765
        ],
        [
            42.87173526766198,
            81.45629700855777
        ],
        [
            35.74443670914759,
            46.467767721891875
        ],
        [
