{
    "n_items": 128,
    "gamma": 39,
    "budget": 782.4502798838441,
    "profits": [
        63.05257249978567,
        83.09707603215838,
        84.14835027701008,
        46.60113356087908,
        57.78883180033043,
        57.70205725163332,
        42.185926780894604,
        80.9778320723534,
        39.76832515832211,
        84.07441583379838,
        76.19551170130774,
        50.76262666484013,
        97.78390313696411,
        63.54285272972368,
        58.73063857798252,
        74.43895655026436,
        80.05221666749925,
        75.85329858837956,
        47.69950901145202,
        87.44298340570157,
        44.75895316151174,
        76.30536730397662,
        78.54031858294763,
        93.19440232761875,
        41.18083352781043,
        76.52621938557309,
        73.71733243124424,
        47.94179427028329,
        81.56782241793962,
        73.9883376499246,
        75.05261696836322,
        43.76608515510851,
        77.50943702921253,
        53.59840443054227,
        65.05164461774935,
        58.30406605436958,
        81.77846964876804,
        49.215302416289006,
        51.22966126667002,
        77.6369385889749,
        75.18420855669123,
        95.06525316259012,
        71.0555604145536,
        76.31857483301789,
        62.89371675094994,
        93.38494484147168,
        65.4534961325649,
        80.80804922078886,
        75.70530582942482,
        51.13622379131693,
        98.73825772243849,
        64.7465113548127,
        57.695723285219685,
        64.1949326237798,
        58.727290692861644,
        58.79734163890362,
        84.20555952814365,
        68.65210917669302,
        68.13893870004972,
        89.44345018537653,
        57.504417308665595,
        43.28468743003119,
        80.99501060508462,
        73.44048421233103,
        47.01157137463043,
        57.52464893684771,
        53.7025934948376,
        55.02651104918117,
        81.63293441824536,
        89.87625724347545,
        96.15776771224844,
        74.16680930284954,
        88.75650184353722,
        78.42693786938196,
        62.19683482282455,
        41.96479338337426,
        61.16786398955729,
        86.46487736041301,
        85.62347128023791,
        67.58844232065246,
        55.664841499216195,
        40.486056096367804,
        57.102201274897155,
        45.63775862606825,
        97.05803222939974,
        40.27755294308117,
        60.331825597048514,
        68.83175246037978,
        61.30721691144607,
        60.34454834567126,
        97.45452994940334,
        59.340537668763034,
        60.17543531808845,
        99.50852409843853,
        43.71496853194154,
        57.41292929347145,
        75.04822295155091,
        50.77225106604494,
        78.36080543859197,
        49.64790137573506,
        47.770780441872276,
        82.60705167413546,
        64.51292728394141,
        54.85132247389486,
        99.18907008731267,
        53.20236700703139,
        55.67702480132404,
        62.3349530386492,
        53.268593618810044,
        50.88258805799371,
        97.20306328029027,
        83.7338225654466,
        44.2322848472811,
        86.86707421156979,
        54.23435800437657,
        95.39244240087416,
        56.57777588353777,
        62.697336232892994,
        84.27383050910166,
        93.8996550940501,
        64.97944372552809,
        48.46384860659449,
        73.5312252625574,
        91.26641126765222,
        93.43950252181052,
        91.12597411976375,
        61.65302123054068,
        64.75383785516028
    ],
    "costs": [
        [
            41.641300786514115,
            54.133691022468355
        ],
        [
            32.00824330187771,
            51.21318928300434
        ],
        [
            12.636534715892843,
            16.427495130660695
        ],
        [
            16.61043192040626,
            21.59356149652814
        ],
        [
            33.58689267151923,
            53.73902827443077
        ],
        [
            13.844362510275948,
            26.3042887695243
        ],
        [
            24.62398764642812,
            39.39838023428499
        ],
        [
            6.074541593249208,
            7.896904071223971
        ],
        [
            8.871124743546806,
            16.855137012738933
        ],
        [
            42.67246280017255,
            68.27594048027609
        ],
        [
            19.631678236002838,
            37.30018864840539
        ],
        [
            22.93645390169354,
            29.8173900722016
        ],
        [
            7.147882772683632,
            11.436612436293812
        ],
        [
            34.56380091010143,
            65.67122172919271
        ],
        [
            44.45258470761887,
            71.1241355321902
        ],
        [
            46.608836449449115,
            74.57413831911859
        ],
        [
            14.868913950886203,
            23.790262321417927
        ],
        [
            47.71831826475091,
            76.34930922360147
        ],
        [
            45.154118348325724,
            72.24658935732116
        ],
        [
            27.34192204631491,
            43.74707527410386
        ],
        [
            19.068322799820073,
            30.50931647971212
        ],
        [
            33.772159609390506,
            43.90380749220766
        ],
        [
            31.1686332499933,
            40.519223224991286
        ],
        [
            21.030488289099903,
            39.957927749289816
        ],
        [
            40.44035112000081,
            64.7045617920013
        ],
        [
            4.2621631555738215,
            6.819461048918114
        ],
        [
            8.040808326328428,
            12.865293322125485
        ],
        [
            15.480346605130356,
            20.124450586669465
        ],
        [
            14.610493681761369,
            18.993641786289782
        ],
        [
            32.56911283950088,
            52.110580543201415
        ],
        [
            44.117119855089314,
            70.58739176814291
        ],
        [
            19.80844999487765,
            37.63605499026753
        ],
        [
            30.101998991005846,
            57.19379808291111
        ],
        [
            22.87617685434021,
            29.739029910642273
        ],
        [
            4.09781565079905,
            6.556505041278481
        ],
        [
            32.10868093605242,
            51.37388949768388
        ],
        [
            18.960661618167446,
            30.337058589067915
        ],
        [
            36.1890274495124,
            47.04573568436612
        ],
        [
            2.994419668917056,
            5.689397370942406
        ],
        [
            29.092540619794672,
            55.27582717760988
        ],
        [
            7.3710868381556836,
            11.793738941049094
        ],
        [
            15.947964374029509,
            30.301132310656065
        ],
        [
            31.669268857825436,
            60.17161082986833
        ],
        [
            35.86565798680149,
            68.14475017492282
        ],
        [
            26.496992279050023,
            50.34428533019504
        ],
        [
            10.620404293674335,
            16.992646869878936
        ],
        [
            39.85329041718208,
            75.72125179264594
        ],
        [
            7.706014763506,
            12.329623621609601
        ],
        [
            37.72659804795597,
            71.68053629111634
        ],
        [
            38.81018742009232,
            50.453243646120015
        ],
        [
            3.6380822269859276,
            6.912356231273262
        ],
        [
            28.13922006892067,
            36.58098608959688
        ],
        [
            14.217135844875536,
            27.012558105263516
        ],
        [
            24.561530285770374,
