{
    "n_items": 62,
    "profits": [
        78.1598852976339,
        58.85247228041672,
        98.07583957296055,
        85.11050055778732,
        69.79867430480083,
        88.31300618638244,
        43.933757744793816,
        98.28675643304251,
        90.2235459400184,
        73.98767043747704,
        97.77203388565687,
        90.47375820994733,
        65.25566833890568,
        49.47946119665403,
        86.18584539757367,
        92.11849071434193,
        72.81806387318414,
        60.517984270367904,
        90.47724997486716,
        89.30398206591624,
        62.263782708065946,
        40.9222770012149,
        91.77366679471206,
        53.295308046938835,
        76.6333249274324,
        94.61595469718475,
        42.257692704001066,
        67.10232429901913,
        64.72977314062561,
        77.43246579789988,
        90.32281063242121,
        55.003168500988195,
        40.174288792142576,
        85.91225752169024,
        55.827156135760845,
        94.79009839235678,
        98.06461617750765,
        45.3770355206234,
        97.21396601848838,
        47.15571996942941,
        79.9375633328934,
        42.74567057350681,
        80.09469151446709,
        54.81686888070355,
        96.3374434622049,
        83.18550301202004,
        60.323236798171365,
        55.44219026484519,
        92.30075177302123,
        48.04067686398279,
        67.89127883470344,
        95.66052054704008,
        48.49752054847732,
        60.93650170332931,
        49.877843411316746,
        47.035263662783166,
        98.08906848854988,
        81.40110086924903,
        40.70617367955488,
        63.3499996468078,
        55.63680077417764,
        98.98611818936794
    ],
    "costs": [
        [
            48.524293505362174,
            63.081581556970825
        ],
        [
            16.87979262552316,
            21.943730413180106
        ],
        [
            36.804696630012046,
            58.88751460801927
        ],
        [
            27.70950983788999,
            44.33521574062399
        ],
        [
            39.354600681847444,
            74.77374129551013
        ],
        [
            39.01936226611613,
            62.43097962578582
        ],
        [
            44.29901327333432,
            57.588717255334615
        ],
        [
            8.746839495447164,
            13.994943192715462
        ],
        [
            35.37876355192805,
            45.99239261750647
        ],
        [
            14.443416829047814,
            23.109466926476504
        ],
        [
            6.678139934834259,
            8.681581915284537
        ],
        [
            2.7217070991218995,
            4.354731358595039
        ],
        [
            25.317104942532325,
            40.50736790805172
        ],
        [
            32.62553277590807,
            52.200852441452916
        ],
        [
            24.726448435865816,
            32.144382966625564
        ],
        [
            38.546174939967166,
            50.11002742195732
        ],
        [
            45.06735740203419,
            58.58756462264445
        ],
        [
            29.12046128376565,
            55.32887643915473
        ],
        [
            40.23895974584316,
            52.31064766959611
        ],
        [
            28.58125311834127,
            54.30438092484841
        ],
        [
            12.019814194295265,
            22.837646969161
        ],
        [
            21.082940423896574,
            33.73270467823452
        ],
        [
            17.278208706534276,
            32.82859654241512
        ],
        [
            12.886668018024587,
            20.61866882883934
        ],
        [
            24.93306283430008,
            32.41298168459011
        ],
        [
            21.267366858273483,
            34.027786973237575
        ],
        [
            19.126811536768997,
            30.602898458830396
        ],
        [
            31.42535925578869,
            40.8529670325253
        ],
        [
            30.877704722884527,
            49.40432755661524
        ],
        [
            19.93969781810761,
            37.88542585440446
        ],
        [
            17.38000523121006,
            27.808008369936097
        ],
        [
            9.406549054694157,
            12.228513771102405
        ],
        [
            11.54871456162217,
            18.477943298595473
        ],
        [
            25.285536304820166,
            32.871197196266216
        ],
        [
            22.75941256657947,
            36.41506010652716
        ],
        [
            21.304556473022064,
            34.087290356835304
        ],
        [
            9.431407070549835,
            17.919673434044686
        ],
        [
            30.53362599887604,
            58.013889397864475
        ],
        [
            15.117768159415823,
            19.65309860724057
        ],
        [
            13.680044768782428,
            25.992085060686613
        ],
        [
            14.656430276917293,
            27.847217526142856
        ],
        [
            17.30622297968002,
            22.498089873584025
        ],
        [
            42.04473682399679,
            54.65815787119583
        ],
        [
            21.54961012458557,
            34.47937619933691
        ],
        [
            16.189840286989735,
            25.903744459183578
        ],
        [
            17.201524800957436,
            22.361982241244668
        ],
        [
            19.475433393860566,
            25.318063412018738
        ],
        [
            29.996828266428572,
            56.993973706214284
        ],
        [
            36.20821845574061,
            47.07068399246279
        ],
        [
            11.381906502774791,
            21.625622355272103
        ],
        [
            19.076208454098193,
            30.52193352655711
        ],
        [
            19.56450777006624,
            37.172564763125855
        ],
        [
            25.987914104898007,
            33.78428833636741
        ],
        [
            23.26570287670599,
            30.24541373971779
        ],
        [
            26.77031971512724,
            50.863607458741754
        ],
        [
            31.706485641239908,
            41.21843133361188
        ],
        [
            47.685423645849916,
            76.29667783335987
        ],
        [
            11.54169866739746,
            21.929227468055174
        ],
        [
            11.06030400242588,
            17.69648640388141
        ],
        [
            3.6599564850206465,
            6.953917321539228
        ],
        [
            1.666517477693212,
            2.1664727210011754
        ],
        [
            33.23487123211284,
            43.20533260174669
        ]
    ],
    "polynomial_gains": {
        "(38, 25)": 2.10749731006222,
        "(44, 42)": 36.94422595093727,
        "(33, 14)": 46.64739309924639,
        "(27, 58)": 17.503533152251492,
        "(59, 26)": 47.671815509228374,
        "(1, 37)": 1.8015343062234368,
        "(16, 22)": 46.61829462808449,
        "(24, 5)": 39.950503842895095,
        "(2, 32)": 44.976720471813884,
        "(19, 15)": 19.456258400735365,
        "(52, 8)": 44.0197033348114,
        "(54, 9)": 28.116437754931205,
        "(22, 50)": 30.261409782989634,
        "(33, 29)": 13.867570411438008,
        "(14, 29)": 5.228737939672968,
        "(9, 45)": 41.83019861490328,
        "(47, 23)": 29.798907615099502,
        "(23, 14)": 5.5128452337725555,
        "(48, 54)": 19.629824485898688,
        "(60, 3)": 4.963885154290731,
        "(56, 40)": 5.205561296765119,
        "(10, 24)": 39.98080467218204,
        "(36, 52)": 33.22992025328616,
        "(57, 23)": 46.687968704502055,
        "(53, 26)": 7.705595058451234,
        "(38, 5)": 8.697347789981864,
        "(50, 16)": 12.669606074036913,