{
    "n_items": 71,
    "profits": [
        45.17755736521079,
        71.94143526275134,
        69.87179260999557,
        74.11598671843967,
        59.51990022038382,
        63.92784736861343,
        82.47009687895249,
        59.22758414203692,
        51.18660296474297,
        95.68162577093048,
        95.17517001107788,
        96.9884711859942,
        44.97936762466737,
        86.6917829388592,
        94.87300615435262,
        57.49609256847452,
        37.48468865859685,
        78.66380016271302,
        96.42018312650362,
        77.428000700967,
        59.598156164272055,
        73.78442690913926,
        67.17710618484772,
        76.3341382762039,
        87.4328864636574,
        55.88835439056962,
        99.14448565902167,
        98.62326508978721,
        39.07564432993562,
        86.68025445873855,
        99.14606388970164,
        88.41095255930703,
        85.60085391139154,
        88.522222042522,
        69.14312294431292,
        59.191785267864134,
        53.19023902000998,
        98.56583128149865,
        66.8801107734071,
        93.6963445792442,
        41.182527493465656,
        43.01635598510886,
        46.75027035098606,
        87.59552994681493,
        97.0387733869349,
        62.04385256577521,
        58.55232354289271,
        58.23890447166666,
        77.39425982413857,
        45.54135483159182,
        84.76965310515122,
        99.9034246040982,
        69.43553591112294,
        84.63201155194326,
        69.65243056668523,
        48.648896733340635,
        70.47042600325878,
        57.18260319809674,
        91.9589990573393,
        98.94414998332,
        66.74386865162526,
        38.50385270267284,
        90.7655898867444,
        37.21143084498979,
        50.51116319825437,
        46.48452742758688,
        39.040227171393205,
        77.00185163104143,
        97.27219195588899,
        83.64014022513558,
        73.35754299321371
    ],
    "costs": [
        [
            8.119798712431859,
            15.42761755362053
        ],
        [
            28.067572861669845,
            44.90811657867175
        ],
        [
            14.729088726179903,
            19.147815344033873
        ],
        [
            29.70815158418841,
            47.53304253470146
        ],
        [
            28.01677016383241,
            44.82683226213186
        ],
        [
            44.33156484390445,
            84.22997320341845
        ],
        [
            22.088724003969872,
            41.96857560754275
        ],
        [
            4.997252642825294,
            6.4964284356728825
        ],
        [
            4.442785187384171,
            8.441291856029924
        ],
        [
            32.133569052839746,
            41.77363976869167
        ],
        [
            25.367423209955653,
            40.58787713592905
        ],
        [
            3.9607109871881643,
            6.337137579501063
        ],
        [
            31.979589512899853,
            51.167343220639765
        ],
        [
            8.619438194413064,
            13.791101111060904
        ],
        [
            13.969143171773602,
            18.159886123305682
        ],
        [
            4.581595503892098,
            8.705031457394986
        ],
        [
            2.7239592661635825,
            4.358334825861732
        ],
        [
            21.32405764536688,
            27.721274938976947
        ],
        [
            29.477959366516007,
            38.32134717647081
        ],
        [
            30.25316353837867,
            48.405061661405874
        ],
        [
            17.08074646774549,
            32.453418288716435
        ],
        [
            17.072447633242565,
            22.194181923215336
        ],
        [
            34.80389596162314,
            45.24506475011008
        ],
        [
            6.484028466216949,
            8.429237006082033
        ],
        [
            36.466412932116754,
            69.28618457102183
        ],
        [
            20.441285467416268,
            32.70605674786603
        ],
        [
            42.146789220634005,
            80.07889951920461
        ],
        [
            38.335093675659614,
            61.336149881055384
        ],
        [
            15.69317893656774,
            20.401132617538064
        ],
        [
            26.972876286100316,
            51.2484649435906
        ],
        [
            13.485037349945198,
            25.621570964895877
        ],
        [
            15.149856311230048,
            24.239770097968076
        ],
        [
            26.847822842118457,
            51.010863400025066
        ],
        [
            44.568455615282964,
            71.30952898445274
        ],
        [
            24.908546890475023,
            47.32623909190254
        ],
        [
            29.403622005950997,
            38.2247086077363
        ],
        [
            32.13833227373364,
            41.77983195585373
        ],
        [
            4.938607055347328,
            6.4201891719515265
        ],
        [
            35.918565397180515,
            68.24527425464298
        ],
        [
            29.38653674921121,
            47.01845879873794
        ],
        [
            35.84426486741737,
            46.59754432764259
        ],
        [
            41.89575472176261,
            67.03320755482018
        ],
        [
            29.899718151991273,
            56.80946448878342
        ],
        [
            27.49537924433391,
            35.74399301763408
        ],
        [
            37.033239587563656,
            70.36315521637094
        ],
        [
            34.24508112981797,
            54.792129807708754
        ],
        [
            45.90493371993248,
            73.44789395189197
        ],
        [
            19.745441215624144,
            31.59270594499863
        ],
        [
            25.2847653800238,
            32.87019499403094
        ],
        [
            29.89074596700302,
            56.792417337305736
        ],
        [
            26.029618627300653,
            49.45627539187124
        ],
        [
            15.308676153092984,
            19.901278999020878
        ],
        [
            23.353055120746962,
            44.37080472941923
        ],
        [
            3.6963883334330783,
            5.914221333492925
        ],
        [
            14.88427883831142,
            28.280129792791698
        ],
        [
            14.082778002614084,
            22.532444804182536
        ],
        [
            33.03672567189652,
            62.76977877660338
        ],
        [
            22.238102892398615,
            35.58096462783779
        ],
        [
            16.22264598560487,
            30.823027372649253
        ],
        [
            10.20809364508326,
            13.270521738608238
        ],
        [
            26.414132786389846,
            42.26261245822376
        ],
        [
            13.007299567263399,
            16.909489437442417
        ],
        [
            33.234483041696095,
            63.14551777922258
        ],
        [
            20.328460827880303,
            26.426999076244396
        ],
        [
            4.266600009840336,
            8.106540018696638
        ],
        [
            39.027023428124224,
            50.73513045656149
        ],
        [
            16.899197083630117,
            27.038715333808188
        ],
        [
            41.81608366581435,
            54.360908765558655
        ],
        [
            9.328477828466808,
            12.127021177006851
        ],
        [
            26.311880461512704,
            42.09900873842033
        ],
        [
            40.029650042739995,
            52.038545055562
        ]
    ],
    "polynomial_gains": {
        "(56, 4)": 39.98246526549849,
        "(17, 67)": 26.807114268914717,
        "(40, 24)": 27.782497586628864,