{
    "n_items": 83,
    "profits": [
        58.11341643323312,
        53.699178498127615,
        79.53172230675429,
        56.438759000067705,
        56.59946587887636,
        43.68943627282627,
        46.62730245699078,
        80.54398202683208,
        73.0780187766783,
        55.60865765227351,
        58.11694768237534,
        69.52590439341013,
        79.6338483895278,
        65.37640025338482,
        54.24469809129018,
        65.20750821558238,
        83.85455443935085,
        85.74987462415268,
        74.94837132687962,
        76.31244391698836,
        96.45196793738629,
        76.62937119939804,
        43.68172147623335,
        54.79371435098543,
        80.74159037955337,
        87.27734767406768,
        62.794986501683184,
        82.02793817800195,
        66.92121176631929,
        61.47068645929096,
        61.75603591032085,
        87.12509310624176,
        62.8899971946976,
        75.41127962078997,
        51.791326024061156,
        95.23737653868332,
        77.03220619047121,
        67.97865688197243,
        49.56269250776441,
        87.43707382970433,
        74.77215472760454,
        52.324556209331256,
        97.86867082789266,
        86.07535096193529,
        84.3669113825406,
        42.619791425988254,
        86.14989031309054,
        40.78158291931285,
        68.50765439295947,
        69.53068143890569,
        56.46114313341356,
        68.78752836468281,
        70.95891293109769,
        67.79156764374702,
        47.311463505899624,
        53.5445678548068,
        74.9898174481335,
        67.84180998573615,
        44.11410813185793,
        62.17671052085532,
        56.624838548111995,
        95.9219403628511,
        98.3605396034167,
        56.15206948015887,
        60.85694850624547,
        97.69539944046294,
        95.26791040644784,
        87.46288115233483,
        80.72537280439333,
        52.988272900647104,
        61.912854501810386,
        70.91550735491926,
        93.78318043973326,
        92.44652726254277,
        81.0830195919379,
        92.80234137538324,
        93.55958090977322,
        71.94544524130237,
        41.768366192865095,
        52.68629815355117,
        98.59043645265342,
        91.8923375561891,
        53.10405692914061
    ],
    "costs": [
        [
            14.50416554696077,
            23.206664875137236
        ],
        [
            27.05669696777245,
            51.40772423876765
        ],
        [
            6.2510572437312995,
            8.12637441685069
        ],
        [
            5.121243995738587,
            8.19399039318174
        ],
        [
            47.90116615415357,
            62.27151600039964
        ],
        [
            37.220749032006715,
            59.55319845121075
        ],
        [
            22.995643952818735,
            43.691723510355594
        ],
        [
            29.66654667598321,
            38.56651067877817
        ],
        [
            3.1170388843664107,
            4.052150549676334
        ],
        [
            35.58651706102301,
            67.61438241594371
        ],
        [
            37.88882259248459,
            71.9887629257207
        ],
        [
            13.71453676975516,
            26.057619862534803
        ],
        [
            45.48978024492558,
            72.78364839188093
        ],
        [
            2.662428640212746,
            4.259885824340394
        ],
        [
            44.80264714815789,
            71.68423543705262
        ],
        [
            45.603047687229655,
            72.96487629956745
        ],
        [
            44.22304041211175,
            70.7568646593788
        ],
        [
            41.649776808477306,
            66.63964289356369
        ],
        [
            2.882330133457889,
            3.7470291734952554
        ],
        [
            47.698734782841505,
            62.00835521769396
        ],
        [
            11.614623333755802,
            22.06778433413602
        ],
        [
            26.26589439995438,
            42.025431039927014
        ],
        [
            15.093919487363483,
            19.622095333572528
        ],
        [
            47.41034437080553,
            75.85655099328885
        ],
        [
            10.017308642198545,
            13.022501234858108
        ],
        [
            2.075402416978259,
            3.3206438671652148
        ],
        [
            48.57131178619954,
            77.71409885791927
        ],
        [
            41.62111573190529,
            54.10745045147688
        ],
        [
            15.296706952103914,
            24.474731123366265
        ],
        [
            36.935700693631105,
            70.17783131789909
        ],
        [
            42.98933246978006,
            55.88613221071408
        ],
        [
            20.839761139720306,
            33.34361782355249
        ],
        [
            15.389052756883808,
            24.622484411014096
        ],
        [
            5.359811403311584,
            10.183641666292008
        ],
        [
            47.04498392603153,
            61.15847910384099
        ],
        [
            37.3257533651131,
            70.91893139371489
        ],
        [
            25.45261205217091,
            40.72417928347346
        ],
        [
            6.185472240907671,
            8.041113913179972
        ],
        [
            40.50642980876019,
            64.81028769401631
        ],
        [
            42.87525707062834,
            68.60041131300534
        ],
        [
            5.022962275837488,
            9.543628324091227
        ],
        [
            32.640396054700105,
            52.22463368752017
        ],
        [
            15.209046911046885,
            19.771760984360952
        ],
        [
            30.08548466087273,
            39.11113005913455
        ],
        [
            43.159125852691986,
            56.10686360849958
        ],
        [
            10.586758967667105,
            13.762786657967236
        ],
        [
            20.518545209130796,
            38.98523589734851
        ],
        [
            45.9716281320904,
            73.55460501134465
        ],
        [
            30.620509900854138,
            48.99281584136662
        ],
        [
            49.84584098743402,
            64.79959328366424
        ],
        [
            29.133067092046236,
            46.61290734727398
        ],
        [
            5.542214472388546,
            7.204878814105109
        ],
        [
            19.1215129732456,
            30.594420757192964
        ],
        [
            11.900713376938967,
            22.611355416184036
        ],
        [
            2.8569663351640546,
            5.428236036811704
        ],
        [
            25.527740621010924,
            40.84438499361748
        ],
        [
            44.777967204019824,
            71.64474752643171
        ],
        [
            18.379524022152005,
            29.407238435443208
        ],
        [
            36.50228692666807,
            58.403659082668916
        ],
        [
            13.761056829209656,
            22.01769092673545
        ],
        [
            34.46147525954119,
            44.79991783740355
        ],
        [
            30.84126348089235,
            49.34602156942776
        ],
        [
            48.235550272202914,
            91.64754551718553
        ],
        [
            8.87486234721526,
            16.86223845970899
        ],
        [
            10.861790757456712,
            20.63740243916775
        ],
        [
            10.847042989357336,
            17.355268782971738
        ],
        [
            21.41522202476947,
            40.68892184706199
        ],
        [
            18.08577821942961,
            28.937245151087378
        ],
        [
            1.2688982227444687,
            1.6495676895678093
