{
    "n_items": 41,
    "Gamma": 4,
    "knapsack_size": 365.101412600555,
    "profits": [
        [
            66.1671636417146,
            81.27140605579791,
            98.17599858165546,
            85.09967852353779,
            59.00202779894843,
            94.85720000030656,
            49.35338218393047,
            40.68166433585669,
            82.9178497751961,
            99.09282592806888,
            54.440406829058205,
            88.12331521520058,
            67.32986399530203,
            88.48297138205399,
            90.83752469506138,
            60.56983904410218,
            61.744128671671035,
            70.5188826974077,
            80.96520559775088,
            66.79752561177979,
            91.18258054153492,
            62.47358095791482,
            87.1149848094307,
            91.4760548216158,
            69.95020866311097,
            94.76972972948568,
            96.16065154075045,
            65.81729514873624,
            79.21293676724963,
            73.7629578984469,
            77.05740952208578,
            85.72786304541721,
            57.68437782141543,
            92.91573932016524,
            51.862040236340626,
            40.32672117425146,
            61.02621896390341,
            52.24512186222766,
            46.86707782023179,
            74.17847025303655,
            39.78372003984205
        ]
    ],
    "costs": [
        [
            29.60995689968094,
            38.49294396958523
        ],
        [
            25.395420957082088,
            33.014047244206715
        ],
        [
            35.86875303960269,
            57.390004863364304
        ],
        [
            38.87547655229634,
            62.20076248367415
        ],
        [
            47.275895958006544,
            75.64143353281047
        ],
        [
            37.98177565418256,
            60.770841046692105
        ],
        [
            29.496672611798598,
            47.19467617887776
        ],
        [
            4.784572003531622,
            9.090686806710082
        ],
        [
            49.63938410707786,
            64.53119933920122
        ],
        [
            1.8534893390136737,
            2.9655829424218783
        ],
        [
            42.80157039501295,
            68.48251263202073
        ],
        [
            17.97777473602858,
            34.1577719984543
        ],
        [
            16.649477880240816,
            21.644321244313062
        ],
        [
            48.38520815420168,
            62.90077060046218
        ],
        [
            24.92476765730242,
            47.3570585488746
        ],
        [
            27.71612244459809,
            44.345795911356944
        ],
        [
            37.626599992126295,
            71.49053998503996
        ],
        [
            48.893775023829775,
            78.23004003812764
        ],
        [
            12.897880542019168,
            20.63660886723067
        ],
        [
            29.039167802123497,
            55.17441882403464
        ],
        [
            6.579342569970977,
            12.500750882944855
        ],
        [
            49.53777246059968,
            94.1217676751394
        ],
        [
            38.597745084378104,
            61.75639213500497
        ],
        [
            24.94589896520252,
            39.913438344324035
        ],
        [
            6.65061827451972,
            10.640989239231553
        ],
        [
            16.432183123350065,
            31.22114793436512
        ],
        [
            41.662656176895936,
            66.6602498830335
        ],
        [
            25.256043967333685,
            40.4096703477339
        ],
        [
            23.411260362008623,
            30.434638470611212
        ],
        [
            10.231949053587254,
            19.440703201815783
        ],
        [
            7.7914100170105876,
            14.803679032320115
        ],
        [
            45.94934509982676,
            87.30375568967084
        ],
        [
            36.676515841122914,
            69.68538009813354
        ],
        [
            23.227123686006166,
            30.195260791808018
        ],
        [
            9.605083647729517,
            18.24965893068608
        ],
        [
            7.915882722357488,
            10.290647539064736
        ],
        [
            8.447970357350872,
            10.982361464556135
        ],
        [
            8.071394785348065,
            12.914231656556906
        ],
        [
            43.57492127601953,
            69.71987404163126
        ],
        [
            49.369422647731554,
            64.18024944205102
        ],
        [
            3.6759559335589738,
            4.7787427136266665
        ]
    ],
    "polynomial_gains": {
        "(29, 14)": 6.3516111903622035,
        "(28, 3)": 21.527677546586055,
        "(28, 27)": 6.651545419383004,
        "(25, 10)": 17.115642695920908,
        "(37, 30)": 12.26088948157611,
        "(29, 22)": 29.76664001803718,
        "(6, 16)": 43.9427252713157,
        "(1, 30)": 49.66584449717753,
        "(33, 36)": 24.509444013932214,
        "(1, 2)": 43.028792494189624,
        "(16, 7)": 27.445661814573633,
        "(32, 16)": 26.900973560233087,
        "(32, 1)": 6.959863143376148,
        "(6, 28)": 42.182671440687926,
        "(6, 30)": 12.097912010136728,
        "(17, 34)": 15.798750206030698,
        "(17, 7)": 48.385694161937884,
        "(18, 15)": 34.90876974651063,
        "(32, 21)": 30.838563202791654,
        "(22, 2, 36)": 20.3029226017387,
        "(8, 29, 12)": 7.22550937777432,
        "(12, 4, 20)": 30.02174234368322,
        "(32, 11, 4)": 3.3494083208249465,
        "(4, 29, 40)": 22.70308353667561,
        "(4, 0, 19)": 11.45338853122071,
        "(29, 16, 10)": 9.058984671480488,
        "(18, 35, 3)": 31.753573702765177,
        "(29, 27, 5)": 28.160385345080943,
        "(39, 12, 20)": 19.377278108489776,
        "(31, 39, 23, 0)": 5.319877283541103,
        "(27, 18, 20, 34)": 16.70930528817467,
        "(30, 28, 26, 40)": 6.470458665373631,
        "(16, 34, 31, 27)": 24.788842359712252,
        "(5, 10, 9, 28)": 23.83879039627702,
        "(35, 27, 26, 32, 10)": 12.523683449088894,
        "(5, 28, 38, 7, 39)": 15.803162773085035,
        "(17, 32, 33, 34, 3, 12)": 16.30317890127944
    }
}