{
    "n_items": 73,
    "Gamma": 25,
    "knapsack_size": 398.10861862471864,
    "profits": [
        [
            95.27156343856268,
            79.95265767979673,
            48.6922946223853,
            51.31816807762109,
            53.76283830518968,
            59.84882702831209,
            52.508411496006055,
            97.42094225097242,
            80.96815167260547,
            68.93044045283688,
            48.78605238703706,
            54.63089904468333,
            64.92926290284831,
            67.96561014303734,
            56.40439121589095,
            56.82871034667248,
            56.5855510744505,
            89.70430315442499,
            71.39494919309526,
            67.86389628688465,
            43.835785718044406,
            96.24805445499135,
            57.48420725433313,
            87.76676991706563,
            88.71933030287104,
            60.02025618815257,
            69.92174565688276,
            40.08050401463532,
            56.56285179662551,
            56.08062564828836,
            97.19963701251731,
            71.87453061460376,
            66.31638597640082,
            83.85567132586159,
            79.00925669698591,
            72.66438335714133,
            67.09445652783661,
            74.33180252074789,
            76.1271982896232,
            91.53035052311907,
            90.71205101345639,
            51.32447224916491,
            69.28649745262939,
            69.90481907155605,
            82.53041530895027,
            93.62611980270282,
            50.67777573825431,
            48.99500517393525,
            63.98546720851392,
            39.3965223027626,
            62.67433870824303,
            60.763423138448545,
            61.85868246130792,
            52.3085893172635,
            59.93548458717567,
            85.24151308773938,
            46.03787662304385,
            86.61397963577383,
            44.13208214281501,
            78.79788035043958,
            42.143755059346965,
            68.55629525705515,
            64.33651045386178,
            83.69966181554,
            66.32516580959101,
            66.58497172594282,
            69.51339218493034,
            89.74726901027302,
            44.32755045338332,
            77.66202274724228,
            77.97997462482562,
            57.494482890481116,
            86.91866070044912
        ]
    ],
    "costs": [
        [
            9.978363844609126,
            18.958891304757337
        ],
        [
            26.828159523035218,
            50.973503093766915
        ],
        [
            10.076061218630478,
            13.098879584219622
        ],
        [
            14.148196195769476,
            18.39265505450032
        ],
        [
            12.53011198469884,
            23.807212770927794
        ],
        [
            21.700106804405802,
            34.720170887049285
        ],
        [
            2.0105004538310407,
            2.613650589980353
        ],
        [
            41.554770264247296,
            78.95406350206986
        ],
        [
            38.60448311089589,
            61.76717297743343
        ],
        [
            3.6220387929281808,
            4.708650430806635
        ],
        [
            5.999821529750427,
            11.399660906525812
        ],
        [
            9.065288486787136,
            11.784875032823276
        ],
        [
            37.49590892981714,
            48.744681608762285
        ],
        [
            27.335334462388854,
            51.93713547853882
        ],
        [
            6.511320938747651,
            8.464717220371947
        ],
        [
            9.455328468715477,
            17.965124090559407
        ],
        [
            13.310408806829734,
            17.303531448878655
        ],
        [
            4.19111353910189,
            6.705781662563024
        ],
        [
            29.202792535900574,
            46.72446805744092
        ],
        [
            46.76439256858338,
            60.7937103391584
        ],
        [
            42.39516545444642,
            67.83226472711428
        ],
        [
            13.96994904369128,
            18.160933756798663
        ],
        [
            21.489862377343105,
            27.936821090546037
        ],
        [
            42.980855089128134,
            68.76936814260502
        ],
        [
            44.36414602921768,
            57.67338983798298
        ],
        [
            12.80792187267761,
            16.650298434480895
        ],
        [
            41.42555156938709,
            78.70854798183547
        ],
        [
            19.89957620453313,
            37.80919478861294
        ],
        [
            25.78844739545586,
            33.524981614092624
        ],
        [
            22.32915835383638,
            35.72665336613821
        ],
        [
            5.168673147682515,
            8.269877036292025
        ],
        [
            25.539555015558996,
            33.201421520226695
        ],
        [
            35.41575695032457,
            67.28993820561668
        ],
        [
            21.390821720406237,
            27.808068236528108
        ],
        [
            6.861482117119744,
            10.97837138739159
        ],
        [
            26.57976601664189,
            34.553695821634456
        ],
        [
            1.8767177563169155,
            2.43973308321199
        ],
        [
            6.282147223834042,
            8.166791390984255
        ],
        [
            48.69185141986851,
            92.51451769775016
        ],
        [
            30.121030680268,
            48.1936490884288
        ],
        [
            41.30128674971947,
            53.691672774635315
        ],
        [
            15.276193588127864,
            19.859051664566223
        ],
        [
            17.582732076740754,
            28.132371322785207
        ],
        [
            1.3021165373815093,
            2.083386459810415
        ],
        [
            41.189924788861944,
            65.90387966217911
        ],
        [
            10.092173164854751,
            16.147477063767603
        ],
        [
            18.297482683641206,
            34.76521709891829
        ],
        [
            19.243032763500864,
            25.015942592551124
        ],
        [
            46.09831436159634,
            73.75730297855414
        ],
        [
            22.326989495354752,
            29.025086343961178
        ],
        [
            6.0262407917203875,
            9.64198526675262
        ],
        [
            18.417935616979772,
            34.99407767226157
        ],
        [
            42.32180866510868,
            67.71489386417389
        ],
        [
            9.9601087733439,
            12.948141405347071
        ],
        [
            38.61650018024245,
            73.37135034246064
        ],
        [
            9.599079327329587,
            12.478803125528463
        ],
        [
            1.940551587560742,
            3.1048825400971873
        ],
        [
            48.76823450635578,
            63.39870485826252
        ],
        [
            19.780340926076104,
            37.58264775954459
        ],
        [
            22.69868345349061,
            43.12749856163216
        ],
        [
            41.76191309811942,
            79.3476348864269
        ],
        [
            1.448931569993987,
            1.8836110409921833
        ],
        [
            48.16488630507889,
            62.61435219660255
        ],
        [
            8.83519300556813,
            14.136308808909007
        ],
        [
            7.756870568147194,
            10.083931738591353
        ],
        [
            22.335069399858952,
            29.035590219816637
        ],
        [
            1.4647846521430221,
            2.783090839071742
        ],
        [
            11.894303720387342,
