{
    "n_items": 94,
    "Gamma": 35,
    "knapsack_size": 672.8462064896655,
    "profits": [
        [
            83.87034570696794,
            89.15810297446404,
            47.21892950140554,
            82.44700667186892,
            94.71525669767234,
            67.49299361495676,
            56.266700160459095,
            59.08520086335396,
            41.693877028762486,
            82.85194081822993,
            57.57351377810636,
            79.07405936733137,
            45.75074370358726,
            39.46766476704467,
            87.31002651321198,
            46.789824460037735,
            67.7492218447183,
            62.23522361861491,
            61.821988677722075,
            60.150059310575585,
            69.24533143832085,
            48.15249198202077,
            47.320276328044784,
            66.84369795556734,
            85.2169099392741,
            63.26776618060444,
            85.97727595910095,
            53.232904529307696,
            56.292662458856675,
            95.39739625110916,
            72.18605051213665,
            68.52016047958423,
            86.42502919769885,
            39.51416281743153,
            95.70072083694893,
            50.765160766482225,
            52.044971574710345,
            81.07759809550076,
            88.88203729407445,
            68.01519371282367,
            68.45798997802692,
            78.2290283107191,
            56.64628312514557,
            57.577289849093575,
            58.63498553790622,
            62.43193426103654,
            79.6804435920076,
            55.1514720319047,
            95.21697504175538,
            71.86479108397545,
            56.97145128042704,
            83.70910386757933,
            40.02652494078967,
            62.88189484633842,
            71.329200381454,
            90.43170333744479,
            67.25917181986001,
            46.99586452284107,
            41.418765063975464,
            77.01810622505138,
            58.35549126672686,
            44.53617734624961,
            54.03043787946325,
            60.531860098924994,
            70.97717893250851,
            95.86965643459179,
            47.00541212393563,
            60.430387978172256,
            66.05210266351503,
            40.679552738328304,
            40.87184363281244,
            76.36682812841408,
            50.11042527298117,
            75.60937484532377,
            59.016188418537446,
            51.764525701228905,
            85.1754400062209,
            63.295747967340965,
            55.93560935370231,
            77.90707123667609,
            91.70451974238894,
            83.70679231485124,
            90.33373884218783,
            56.405408077045095,
            80.541427495134,
            77.23135821584401,
            75.17494551899512,
            67.42911993148425,
            45.09060469394891,
            95.46576460775826,
            85.86151713852786,
            41.31564004510791,
            66.61711832657346,
            71.76107550181567
        ]
    ],
    "costs": [
        [
            47.484079202243485,
            61.729302962916535
        ],
        [
            8.197152746386738,
            10.65629857030276
        ],
        [
            12.746292914689938,
            20.3940686635039
        ],
        [
            12.94009112263893,
            16.822118459430612
        ],
        [
            35.39564069604272,
            56.63302511366835
        ],
        [
            19.989087433476943,
            25.985813663520027
        ],
        [
            30.385091790059956,
            39.50061932707794
        ],
        [
            48.20189094998062,
            91.58359280496317
        ],
        [
            3.017901632778675,
            5.734013102279482
        ],
        [
            10.92779782955355,
            14.206137178419615
        ],
        [
            4.205685203250964,
            7.990801886176832
        ],
        [
            15.83520931339408,
            20.585772107412303
        ],
        [
            36.00883897362057,
            57.614142357792915
        ],
        [
            11.123691956457348,
            21.13501471726896
        ],
        [
            24.115921106712186,
            38.5854737707395
        ],
        [
            6.9548916745453955,
            11.127826679272633
        ],
        [
            1.7968291509312548,
            3.413975386769384
        ],
        [
            38.70224094127187,
            61.92358550603499
        ],
        [
            18.33744162134252,
            34.84113908055079
        ],
        [
            1.663454377120044,
            3.1605633165280835
        ],
        [
            14.160671453078598,
            26.905275760849335
        ],
        [
            27.43988118807838,
            35.6718455445019
        ],
        [
            14.04042520990075,
            18.252552772870974
        ],
        [
            37.634689950237934,
            60.2155039203807
        ],
        [
            10.361502498240235,
            16.578403997184378
        ],
        [
            9.418324375862728,
            17.89481631413918
        ],
        [
            4.4221662496281215,
            8.40211587429343
        ],
        [
            7.7985049942445075,
            14.817159489064563
        ],
        [
            14.085811869375243,
            22.53729899100039
        ],
        [
            1.4051513842675845,
            2.6697876301084102
        ],
        [
            9.78167810678432,
            12.716181538819615
        ],
        [
            5.593164707983679,
            8.949063532773886
        ],
        [
            9.244377632194938,
            17.564317501170382
        ],
        [
            7.5047827842554975,
            9.756217619532148
        ],
        [
            41.290882432069495,
            78.45267662093204
        ],
        [
            24.961957364691067,
            32.45054457409839
        ],
        [
            37.12780078803704,
            48.26614102444816
        ],
        [
            42.882642350689544,
            68.61222776110327
        ],
        [
            16.62874139496256,
            21.61736381345133
        ],
        [
            11.929257536716799,
            15.508034797731838
        ],
        [
            3.7654588885247064,
            6.02473422163953
        ],
        [
            27.84752611818623,
            36.2017839536421
        ],
        [
            19.362236755181442,
            36.78824983484474
        ],
        [
            35.6820791888632,
            67.79595045884007
        ],
        [
            28.045371122053496,
            53.28620513190164
        ],
        [
            25.69632394227491,
            48.82301549032233
        ],
        [
            35.43825767145736,
            56.70121227433177
        ],
        [
            40.39156645154383,
            52.50903638700698
        ],
        [
            32.5078894350448,
            42.26025626555825
        ],
        [
            5.414103516836633,
            7.038334571887623
        ],
        [
            28.641078961124958,
            45.825726337799935
        ],
        [
            27.06823864400286,
            35.18871023720372
        ],
        [
            6.235743182856939,
            9.977189092571102
        ],
        [
            25.86894761434449,
            33.62963189864784
        ],
        [
            48.71053831935755,
            77.93686131097209
        ],
        [
            35.4996364004828,
            46.14952732062764
        ],
        [
            47.14012532639924,
            61.28216292431902
        ],
        [
            30.944263342587917,
            40.22754234536429
        ],
        [
            3.729099259947418,
            4.8478290379316435
        ],
        [
            29.3363532235562,
            55.73907112475678
