{
    "n_items": 62,
    "Gamma": 8,
    "knapsack_size": 494.5924907256813,
    "profits": [
        [
            84.71688529144882,
            40.25190254585606,
            83.3284404923424,
            76.57239516591424,
            93.45436483140284,
            68.49714513029181,
            70.3556448760523,
            92.17607840317038,
            81.39758033125015,
            56.473295488279035,
            42.086036804028865,
            51.512238203763886,
            40.08734560803168,
            55.19290393234037,
            65.1958955261366,
            97.95584566661,
            71.49908147889862,
            74.79349351884923,
            62.75157778909491,
            54.70449053575735,
            44.531202752015965,
            50.70353746375327,
            53.026188665704744,
            46.69271507310573,
            42.82787259422409,
            50.005723196463755,
            61.20027933745472,
            64.83151944589503,
            82.24859558770328,
            67.35384938091039,
            46.88192633491417,
            74.41921029982397,
            60.68390044389128,
            47.88949684202167,
            65.98784652572733,
            44.54583056081213,
            92.28934014913713,
            73.52788276369427,
            43.204370804206306,
            79.75192738561736,
            50.16212714834733,
            72.1442988171065,
            95.49944346127543,
            72.23139815991863,
            43.24000957657848,
            59.220437611162616,
            58.78843101528689,
            57.849424306471825,
            67.1313903842608,
            47.646373392692674,
            79.90835351059653,
            86.62203063527957,
            43.46903629083516,
            44.65267495635934,
            81.11749335609566,
            65.28182566939634,
            61.749106466451636,
            87.64564540396748,
            71.43265353783505,
            68.89282948046811,
            79.64798812365417,
            42.41413252183389
        ]
    ],
    "costs": [
        [
            9.416591154692878,
            17.891523193916466
        ],
        [
            41.19062870078617,
            65.90500592125788
        ],
        [
            26.34732091505695,
            34.25151718957404
        ],
        [
            30.769065102954183,
            58.461223695612944
        ],
        [
            12.47147999905716,
            19.954367998491456
        ],
        [
            15.104996240811793,
            28.699492857542406
        ],
        [
            8.146095952379918,
            15.477582309521843
        ],
        [
            13.67783276269064,
            25.987882249112214
        ],
        [
            26.213385614273836,
            34.07740129855599
        ],
        [
            4.456988173774086,
            7.131181078038537
        ],
        [
            14.136697652625504,
            22.618716244200808
        ],
        [
            14.574921384260596,
            23.319874214816956
        ],
        [
            34.614402844030664,
            65.76736540365826
        ],
        [
            44.27490781193368,
            57.55738015551378
        ],
        [
            6.755159592142035,
            10.808255347427256
        ],
        [
            49.32041692554797,
            64.11654200321236
        ],
        [
            24.347334634027618,
            46.25993580465247
        ],
        [
            1.9919863753233122,
            3.1871782005173
        ],
        [
            5.423128367372623,
            8.677005387796198
        ],
        [
            1.308885275346992,
            1.7015508579510896
        ],
        [
            34.191797754996095,
            64.96441573449258
        ],
        [
            40.47380047641635,
            76.90022090519106
        ],
        [
            21.575664298245584,
            28.048363587719262
        ],
        [
            44.35495270126351,
            57.66143851164256
        ],
        [
            7.818921029100951,
            14.855949955291807
        ],
        [
            40.957354554346225,
            65.53176728695396
        ],
        [
            42.73254050093532,
            68.37206480149652
        ],
        [
            15.011231493367864,
            24.017970389388584
        ],
        [
            39.36606396708795,
            74.79552153746711
        ],
        [
            49.682750316402675,
            64.58757541132348
        ],
        [
            15.369903838785495,
            19.980874990421146
        ],
        [
            45.57593680750027,
            72.92149889200043
        ],
        [
            15.052781976060976,
            19.568616568879268
        ],
        [
            20.895891984738398,
            39.70219477100296
        ],
        [
            41.505311415724634,
            53.95690484044203
        ],
        [
            2.3038066923644287,
            3.686090707783086
        ],
        [
            29.668160712436762,
            38.56860892616779
        ],
        [
            36.1366330978049,
            68.65960288582932
        ],
        [
            3.6954471563739397,
            5.912715450198304
        ],
        [
            37.66123332884097,
            71.55634332479784
        ],
        [
            35.33711354993645,
            67.14051574487925
        ],
        [
            5.052463261135931,
            8.08394121781749
        ],
        [
            17.15900388835324,
            32.60210738787116
        ],
        [
            31.019674390638308,
            40.3255767078298
        ],
        [
            18.413026895304707,
            34.98475110107894
        ],
        [
            40.631308426564345,
            52.82070095453365
        ],
        [
            31.185362447818505,
            49.89657991650961
        ],
        [
            5.324682034674327,
            6.922086645076625
        ],
        [
            15.395758849919433,
            29.251941814846923
        ],
        [
            21.7424007974201,
            34.78784127587216
        ],
        [
            8.719754966819746,
            16.567534436957516
        ],
        [
            24.385696659578752,
            31.70140565745238
        ],
        [
            18.972728442646098,
            36.04818404102758
        ],
        [
            3.277365593027807,
            6.226994626752833
        ],
        [
            22.57000557432247,
            29.34100724661921
        ],
        [
            6.013576832797539,
            11.425795982315323
        ],
        [
            35.03275720931317,
            45.54258437210712
        ],
        [
            35.337299984110864,
            45.938489979344126
        ],
        [
            35.182857644212966,
            45.73771493747686
        ],
        [
            40.502502342870365,
            52.653253045731475
        ],
        [
            16.506361813699556,
            21.458270357809422
        ],
        [
            47.44336098999691,
            90.14238588099413
        ]
    ],
    "polynomial_gains": {
        "(12, 26)": 22.546827829971054,
        "(18, 56)": 1.4529905332576831,
        "(60, 51)": 47.3122770148815,
        "(27, 30)": 5.217088605345349,
        "(14, 50)": 39.41705734897043,
        "(30, 33)": 25.52223075002959,
        "(14, 25)": 7.4476566293531326,
        "(20, 54)": 16.906790941173043,
        "(8, 16)": 47.705912830775496,
        "(14, 37)": 7.883339449013006,
        "(23, 58)": 9.44222412297361,
        "(32, 18)": 6.995656241089893,
        "(34, 16)": 16.12011521797317,
        "(28, 21)": 12.78650681117434,
        "(37, 58)": 27.665321790064468,
        "(58, 46)": 9.127687405202355,
        "(54, 49)": 19.61622220432134,
        "(49, 34)": 33.39584125306442,
        "(18, 53)": 49.28351554372194,