{
    "n_items": 73,
    "Gamma": 26,
    "knapsack_size": 574.4733429148256,
    "profits": [
        [
            63.10258711177498,
            63.970648990742085,
            60.604631819933786,
            40.449953382424965,
            56.063041463473624,
            85.83356724749619,
            82.24815333735143,
            68.90800241770194,
            51.66468871702212,
            70.4195215195746,
            83.26897817149089,
            67.73730012788059,
            79.69896428943584,
            40.99055810099341,
            50.121798722380774,
            77.11894032301674,
            83.6189282537328,
            64.44617719705995,
            87.29293905653196,
            59.76216351265161,
            80.45442440159047,
            47.4025225579661,
            86.43376115249069,
            78.17311865952651,
            74.86819891113015,
            89.80496968474465,
            78.70452189529927,
            59.56241086224172,
            39.7742465222663,
            68.60842061975814,
            77.52856945384488,
            97.51651743195225,
            40.2227168600728,
            41.51827161521368,
            78.4239806274636,
            91.71827767770343,
            49.06780132026728,
            68.56483462152497,
            86.01844828850267,
            45.87867456682096,
            57.14987308238066,
            42.71004365334229,
            90.87272209105501,
            99.0269065202116,
            93.67276931609757,
            41.678204424593076,
            70.2215601015946,
            97.50026062649704,
            80.07837709445656,
            77.3449872975124,
            63.99443207700483,
            51.891896880667076,
            60.10709523783676,
            47.3565609563819,
            41.00187573518791,
            95.8752082949785,
            81.96729812552312,
            57.761251160672145,
            52.54590236911817,
            62.9702753464922,
            61.97374706444418,
            88.48282200180947,
            50.29124536553334,
            74.3912017509748,
            57.160013328520236,
            41.37673271301834,
            77.83785163839403,
            79.36144213502165,
            58.756366852794685,
            99.8214908867823,
            41.0955798594274,
            51.20078057663356,
            80.06353671455167
        ]
    ],
    "costs": [
        [
            49.09512866388895,
            78.55220586222232
        ],
        [
            16.08707653220577,
            20.913199491867502
        ],
        [
            23.687931809392737,
            45.007070437846195
        ],
        [
            13.0501027956334,
            24.79519531170346
        ],
        [
            40.178498801595445,
            52.23204844207408
        ],
        [
            34.114711741190234,
            64.81795230826144
        ],
        [
            9.944939244105361,
            18.895384563800185
        ],
        [
            2.672271947032283,
            5.0773166993613374
        ],
        [
            24.85743322367395,
            47.229123124980504
        ],
        [
            6.346195995491291,
            8.250054794138679
        ],
        [
            23.64465850356367,
            30.73805605463277
        ],
        [
            32.135976259986485,
            61.05835489397432
        ],
        [
            34.88603949555054,
            55.81766319288087
        ],
        [
            45.552022026416104,
            72.88323524226577
        ],
        [
            45.515711914815846,
            72.82513906370535
        ],
        [
            20.145995764986907,
            32.23359322397905
        ],
        [
            34.513931081242596,
            44.868110405615376
        ],
        [
            3.761535596125969,
            7.14691763263934
        ],
        [
            23.185369094918197,
            44.052201280344576
        ],
        [
            20.3908657297994,
            38.74264488661886
        ],
        [
            24.264073393986493,
            31.54329541218244
        ],
        [
            21.934123625310992,
            35.09459780049759
        ],
        [
            37.95025688847904,
            60.72041102156646
        ],
        [
            15.622878608793481,
            20.309742191431525
        ],
        [
            5.1533427502734925,
            9.791351225519636
        ],
        [
            4.559449610692365,
            8.662954260315493
        ],
        [
            23.72360404207288,
            30.840685254694744
        ],
        [
            6.5622971346392625,
            8.530986275031042
        ],
        [
            30.74579225987886,
            49.19326761580618
        ],
        [
            7.571339939276532,
            12.114143902842452
        ],
        [
            25.077191766668978,
            47.64666435667105
        ],
        [
            47.778643619586504,
            90.77942287721436
        ],
        [
            36.625635437587846,
            47.613326068864204
        ],
        [
            27.005831024729446,
            43.209329639567116
        ],
        [
            36.37019080369108,
            47.28124804479841
        ],
        [
            3.0036174540637783,
            3.904702690282912
        ],
        [
            21.138753449896797,
            33.822005519834875
        ],
        [
            7.126119909918714,
            9.263955882894328
        ],
        [
            16.572652532831977,
            21.544448292681572
        ],
        [
            48.33331849751553,
            91.8333051452795
        ],
        [
            3.4734513854018285,
            5.557522216642926
        ],
        [
            15.944514981410274,
            30.294578464679518
        ],
        [
            24.670461238523064,
            32.071599610079986
        ],
        [
            28.972170434568277,
            55.047123825679726
        ],
        [
            3.3859505062703277,
            6.433305961913622
        ],
        [
            12.658892789941802,
            24.051896300889425
        ],
        [
            7.8170503899117065,
            12.507280623858732
        ],
        [
            37.753673744582876,
            60.4058779913326
        ],
        [
            7.906313869291789,
            12.650102190866862
        ],
        [
            33.32891548134861,
            63.32493941456235
        ],
        [
            8.895094534452934,
            11.563622894788814
        ],
        [
            29.581738394322304,
            47.33078143091569
        ],
        [
            14.57645081253721,
            23.32232130005954
        ],
        [
            4.700728572843465,
            8.931384288402583
        ],
        [
            47.195859239682946,
            61.354617011587834
        ],
        [
            49.41605410824233,
            79.06568657318773
        ],
        [
            25.00638977803199,
            32.50830671144159
        ],
        [
            27.96648034452609,
            44.746368551241744
        ],
        [
            47.29736733721273,
            75.67578773954037
        ],
        [
            8.671101997072679,
            11.272432596194482
        ],
        [
            8.913706581816683,
            16.9360425054517
        ],
        [
            29.009263510203112,
            46.414821616324986
        ],
        [
            44.88097070221247,
            85.27384433420369
        ],
        [
            18.154812909297963,
            23.601256782087354
        ],
        [
            15.73697125337447,
            20.458062629386813
        ],
        [
            10.454923627079504,
            16.727877803327207
        ],
        [
            45.553158500164606,
            59.21910605021399
        ],
        [
            1.840424404280277,
