{
    "n_items": 19,
    "profits": [
        87.06192582052395,
        78.83005024636876,
        65.67598231871165,
        56.32046031459515,
        56.516111538128506,
        64.94720445254856,
        90.12035433661313,
        70.79729940444355,
        57.46850231423189,
        51.121803218519446,
        41.159623108743126,
        99.77541573185708,
        40.39384287314166,
        82.38436333961012,
        50.583050780399034,
        78.5262625719395,
        96.81806357665046,
        52.8182717339415,
        46.362960271087914
    ],
    "costs": [
        [
            34.81655859780293,
            66.15146133582557
        ],
        [
            25.62564983805547,
            33.31334478947211
        ],
        [
            42.37331238669834,
            80.50929353472684
        ],
        [
            14.802710205402125,
            23.6843363286434
        ],
        [
            2.867583821402328,
            4.588134114243725
        ],
        [
            49.685143088545566,
            64.59068601510924
        ],
        [
            11.855778365806101,
            22.525978895031592
        ],
        [
            13.841986388094448,
            17.994582304522783
        ],
        [
            23.032990949659016,
            29.942888234556722
        ],
        [
            20.383117633256546,
            26.498052923233512
        ],
        [
            38.68472902918322,
            73.5009851554481
        ],
        [
            32.22684102202443,
            61.23099794184642
        ],
        [
            3.2581919927534844,
            4.23564959057953
        ],
        [
            8.303220758533083,
            13.285153213652933
        ],
        [
            48.15330807941207,
            91.49128535088293
        ],
        [
            10.742703640238323,
            20.411136916452815
        ],
        [
            25.483460429680065,
            33.128498558584084
        ],
        [
            17.64664766991002,
            28.234636271856033
        ],
        [
            18.724327798464486,
            29.958924477543178
        ]
    ],
    "polynomial_gains": {
        "(18, 7)": 9.565628055249123,
        "(5, 3)": 3.026830720745643,
        "(11, 7)": 29.616656255361423,
        "(1, 6)": 18.90589503115691,
        "(13, 9)": 48.570923558617984,
        "(17, 6)": 22.240131679747627,
        "(6, 4)": 47.00017655499774,
        "(9, 3)": 47.7941941841832,
        "(0, 1)": 39.054669932423714,
        "(7, 5, 11)": 30.61440087146647,
        "(11, 6, 10)": 24.607939018424123,
        "(1, 0, 5)": 29.703985893105322,
        "(17, 8, 11)": 24.59716880313979,
        "(10, 11, 6, 0)": 11.980919469934554,
        "(16, 14, 4, 1)": 17.626385722172692,
        "(11, 15, 6, 13, 18)": 17.24663218946083
    },
    "gamma": 5,
    "budget": 221.254130847461
}