{
    "n_items": 26,
    "profits": [
        75.36328057682866,
        49.21303142299639,
        92.16519424472823,
        68.14178097583707,
        55.9079706916702,
        74.813964573214,
        70.43721341271002,
        65.41829962724923,
        78.89278066425271,
        98.03452396753781,
        56.95874412128781,
        74.63290332667808,
        66.66831440631651,
        80.87940539589317,
        77.18431474809435,
        86.68588260206784,
        63.111299594234495,
        64.43389365569828,
        99.89488458667043,
        91.88874834038214,
        42.72440496027311,
        99.57552961044274,
        50.154928599084684,
        62.967528177268946,
        44.02109181412631,
        44.99357676286722
    ],
    "costs": [
        [
            41.13735737218908,
            53.4785645838458
        ],
        [
            42.283962414614365,
            67.65433986338299
        ],
        [
            16.737357876503648,
            21.758565239454743
        ],
        [
            4.086883734232334,
            7.765079095041434
        ],
        [
            28.752129616659246,
            46.0034073866548
        ],
        [
            8.845681331249967,
            14.153090129999947
        ],
        [
            48.25930060284314,
            91.69267114540196
        ],
        [
            45.84074711825074,
            59.59297125372596
        ],
        [
            49.290302624449986,
            64.07739341178498
        ],
        [
            7.913037848937796,
            15.034771912981812
        ],
        [
            8.192025353426434,
            15.564848171510224
        ],
        [
            6.570157246955693,
            10.51225159512911
        ],
        [
            31.443009560595275,
            40.87591242877386
        ],
        [
            38.077646861930376,
            72.34752903766771
        ],
        [
            42.00917997287975,
            54.61193396474368
        ],
        [
            33.08448943197739,
            43.009836261570605
        ],
        [
            7.413616759352298,
            11.861786814963677
        ],
        [
            15.384282261609657,
            19.999566940092556
        ],
        [
            48.17034545299613,
            77.07255272479381
        ],
        [
            33.59423315981416,
            43.67250310775841
        ],
        [
            20.090763651425384,
            38.17245093770823
        ],
        [
            36.37853436503793,
            47.29209467454931
        ],
        [
            14.017976908571779,
            26.634156126286378
        ],
        [
            28.446201637479078,
            54.047783111210244
        ],
        [
            46.34222308574853,
            74.14755693719765
        ],
        [
            32.78524436401259,
            42.62081767321637
        ]
    ],
    "polynomial_gains": {
        "(9, 18)": 17.639743550304242,
        "(22, 21)": 2.671481842754808,
        "(25, 13)": 5.604645361318873,
        "(2, 24)": 16.54714220642526,
        "(6, 13)": 2.196592930474779,
        "(3, 13)": 25.457609786513807,
        "(3, 11)": 47.294513110374574,
        "(4, 21)": 35.43002732597752,
        "(1, 6)": 1.5708190297454974,
        "(5, 25)": 1.9921233719370521,
        "(8, 21)": 40.73109515796556,
        "(14, 16)": 24.028702328621154,
        "(21, 24)": 8.177979412523836,
        "(12, 18, 19)": 18.219034397929438,
        "(23, 1, 18)": 24.050437436975876,
        "(23, 4, 17)": 23.43834515846238,
        "(3, 25, 0)": 27.936110447086026,
        "(11, 22, 14)": 12.8692491283919,
        "(8, 0, 25)": 30.929044447912943,
        "(6, 18, 4, 10)": 24.09124376173107,
        "(1, 8, 11, 0)": 10.137352046989994,
        "(2, 23, 15, 9)": 5.418523474682599,
        "(17, 14, 5, 23, 9)": 14.718915984178942
    },
    "gamma": 6,
    "budget": 183.7866726534357
}