{
    "n_items": 26,
    "profits": [
        46.78859001703438,
        61.11032127048889,
        42.83773381009958,
        52.90266928669982,
        47.03718282213336,
        89.98183834066901,
        52.035677454453484,
        80.29415449542202,
        77.39858221867169,
        56.107850069598655,
        96.65017172132184,
        79.89148836411235,
        43.49678775077189,
        84.2059492186605,
        42.33178352388347,
        92.51187010314172,
        66.45369669847807,
        80.32730921635635,
        46.57259632362599,
        45.10874115025036,
        45.58554152520983,
        43.684538172822755,
        93.9879817449119,
        39.06636009597283,
        72.05484693925092,
        55.05225176941523
    ],
    "costs": [
        [
            4.880953233426791,
            7.809525173482865
        ],
        [
            48.27096043580846,
            62.752248566551
        ],
        [
            42.97567930837591,
            68.76108689340145
        ],
        [
            35.71732318331538,
            67.86291404829922
        ],
        [
            33.198584780698525,
            53.11773564911764
        ],
        [
            45.994936318542656,
            59.79341721410545
        ],
        [
            32.76786507634591,
            42.59822459924969
        ],
        [
            42.81402550177701,
            81.34664845337632
        ],
        [
            34.84055364132791,
            66.19705191852302
        ],
        [
            24.050049699685545,
            45.69509442940253
        ],
        [
            2.5088340058866025,
            4.014134409418564
        ],
        [
            7.6350925380844625,
            12.21614806093514
        ],
        [
            23.17388822064899,
            30.126054686843688
        ],
        [
            3.520276076625613,
            5.632441722600981
        ],
        [
            36.14885588742567,
            46.99351265365337
        ],
        [
            14.907225137472793,
            28.323727761198306
        ],
        [
            39.89433328852647,
            51.86263327508441
        ],
        [
            23.935936519136995,
            45.478279386360285
        ],
        [
            40.90789106293677,
            53.1802583818178
        ],
        [
            40.66208002274511,
            65.05932803639217
        ],
        [
            19.14120862904953,
            30.62593380647925
        ],
        [
            18.30725330658508,
            34.78378128251165
        ],
        [
            4.663261796876826,
            8.860197414065969
        ],
        [
            48.15521747958956,
            62.60178272346643
        ],
        [
            22.581683638639447,
            29.35618873023128
        ],
        [
            12.373650711498046,
            23.509936351846285
        ]
    ],
    "polynomial_gains": {
        "(19, 12)": 16.198806772420607,
        "(8, 17)": 44.81318578476899,
        "(11, 15)": 2.1457814971944926,
        "(1, 19)": 40.53945077040669,
        "(6, 9)": 17.80401276180644,
        "(22, 13)": 47.35058182303997,
        "(16, 12)": 29.200313482132696,
        "(21, 2)": 25.95913010793629,
        "(18, 0)": 41.019497146096725,
        "(24, 13)": 37.682171517485905,
        "(5, 8)": 12.13273133015312,
        "(3, 23)": 5.397678267831968,
        "(19, 25)": 42.55682868015572,
        "(20, 24, 22)": 2.1095370094719117,
        "(16, 21, 7)": 4.001442774624238,
        "(12, 6, 1)": 21.487425485606856,
        "(9, 8, 25)": 3.4110568641377577,
        "(22, 11, 10)": 21.5802934468863,
        "(14, 0, 17)": 21.280538663999113,
        "(8, 12, 0, 20)": 5.180867544943423,
        "(22, 15, 1, 12)": 5.544251659428976,
        "(2, 12, 10, 11)": 18.092300693819325,
        "(11, 5, 10, 15, 22)": 2.9860619496638936
    },
    "gamma": 1,
    "budget": 176.00690487525802
}