{
    "n_items": 28,
    "profits": [
        66.87215945308212,
        57.5658549585053,
        88.51396733532468,
        79.5493893530145,
        50.69532263047351,
        88.87409453758966,
        81.14122512212313,
        62.50609735117088,
        96.94086518682708,
        50.81089652232313,
        54.146453076904216,
        41.678210453476765,
        40.94277014746765,
        95.84404486923987,
        76.16975643253386,
        81.0106791898938,
        91.34066986985636,
        91.59200148569991,
        98.29311015471475,
        75.71943856011652,
        50.369179436468336,
        93.92059192694927,
        59.21660219601377,
        50.07292768233995,
        79.72982964989984,
        78.99115570336895,
        44.147600594258236,
        58.24385868284527
    ],
    "costs": [
        [
            19.01387390844571,
            30.422198253513137
        ],
        [
            13.017589899753263,
            20.82814383960522
        ],
        [
            42.49777258133744,
            80.74576790454114
        ],
        [
            45.136929639689065,
            85.76016631540922
        ],
        [
            38.059524647641055,
            60.895239436225694
        ],
        [
            9.270737919090061,
            17.614402046271117
        ],
        [
            31.23726462486591,
            40.608444012325684
        ],
        [
            32.3575311915676,
            42.06479054903789
        ],
        [
            21.206796688004513,
            27.568835694405866
        ],
        [
            14.760326923493077,
            28.044621154636843
        ],
        [
            18.302727795650636,
            29.28436447304102
        ],
        [
            14.999436735952795,
            28.49892979831031
        ],
        [
            11.92311248536046,
            22.653913722184875
        ],
        [
            5.276161340943366,
            6.859009743226376
        ],
        [
            34.4139688168123,
            55.062350106899686
        ],
        [
            48.91859339712926,
            92.94532745454558
        ],
        [
            32.10212400428617,
            60.99403560814372
        ],
        [
            43.088087860994136,
            56.01451421929238
        ],
        [
            20.96805603847409,
            39.83930647310077
        ],
        [
            21.8884928431972,
            41.588136402074674
        ],
        [
            36.55486573932142,
            47.52132546111785
        ],
        [
            40.085791826209714,
            52.11152937407263
        ],
        [
            42.17718471200921,
            80.13665095281749
        ],
        [
            25.662750927454194,
            41.06040148392671
        ],
        [
            40.773568753624964,
            65.23771000579994
        ],
        [
            19.42505649757119,
            31.080090396113906
        ],
        [
            38.39093639096605,
            61.42549822554568
        ],
        [
            42.49527153803138,
            55.2438529994408
        ]
    ],
    "polynomial_gains": {
        "(5, 6)": 37.5801737373282,
        "(5, 7)": 7.994876573530676,
        "(14, 4)": 37.38136050685106,
        "(25, 8)": 18.177564490713223,
        "(0, 20)": 34.29183290641517,
        "(19, 1)": 18.806243648457567,
        "(19, 13)": 15.186709350161962,
        "(6, 21)": 39.17590686380288,
        "(6, 16)": 32.60260281237824,
        "(17, 25)": 28.170034592299864,
        "(16, 3)": 38.73935192981398,
        "(26, 12)": 24.818202140153538,
        "(5, 9)": 8.447050947594668,
        "(27, 18)": 11.758102125275384,
        "(8, 14, 2)": 14.50013623411607,
        "(27, 10, 15)": 9.847106949317594,
        "(1, 12, 6)": 17.174830505717612,
        "(0, 21, 3)": 10.979052326267901,
        "(21, 27, 14)": 7.863036860469717,
        "(6, 26, 9)": 23.293570347240642,
        "(13, 6, 16)": 12.930784021112284,
        "(1, 19, 3, 23)": 20.173939688226415,
        "(6, 10, 9, 0)": 21.218690278728236,
        "(7, 17, 23, 13)": 9.625459065015676,
        "(0, 19, 20, 5, 9)": 16.30924858284122
    },
    "gamma": 3,
    "budget": 268.0015119092921
}