{
    "n_items": 32,
    "profits": [
        89.50819129950597,
        62.319269644308704,
        56.23344754157604,
        90.01770237034928,
        71.21025389720151,
        98.76025636857479,
        94.78457197213018,
        90.59049845239662,
        89.7022812810064,
        77.01860463102076,
        47.310386015650494,
        86.72869537938713,
        75.83507193091734,
        90.05082701919805,
        84.95590932809222,
        99.40018157883073,
        72.70688516775299,
        99.8632890077476,
        77.54872392338638,
        69.0480654105305,
        49.38875074132766,
        55.43695032475479,
        41.414935530925746,
        90.61702379870798,
        68.13906335668477,
        45.84105936298634,
        46.905548466575404,
        49.66496318393799,
        66.00427960580575,
        81.3235417335918,
        72.69963270761693,
        85.01470632496775
    ],
    "costs": [
        [
            15.615014913081147,
            20.299519387005493
        ],
        [
            25.0814432545162,
            32.60587623087106
        ],
        [
            38.155093109323815,
            61.04814897491811
        ],
        [
            49.39847286313541,
            79.03755658101666
        ],
        [
            44.12618144376698,
            83.83974474315725
        ],
        [
            16.01272984258108,
            25.62036774812973
        ],
        [
            19.971398011882055,
            31.95423681901129
        ],
        [
            16.905168223117236,
            21.976718690052408
        ],
        [
            49.97874657046594,
            94.95961848388528
        ],
        [
            27.751096196554986,
            36.07642505552148
        ],
        [
            3.012944245502811,
            3.9168275191536543
        ],
        [
            7.825183234166287,
            14.867848144915945
        ],
        [
            38.371303083588565,
            61.39408493374171
        ],
        [
            3.2445358624592213,
            4.217896621196988
        ],
        [
            9.166551259892312,
            11.916516637860006
        ],
        [
            41.541104462806146,
            54.00343580164799
        ],
        [
            13.201134072799649,
            25.082154738319332
        ],
        [
            21.50486487903001,
            40.859243270157016
        ],
        [
            28.702647948116333,
            54.535031101421026
        ],
        [
            16.471953620756796,
            26.355125793210874
        ],
        [
            47.27886063977485,
            61.46251883170731
        ],
        [
            21.987873621794613,
            28.584235708332997
        ],
        [
            25.929677116629197,
            49.26638652159547
        ],
        [
            10.32250827773491,
            13.419260761055384
        ],
        [
            14.341122862832346,
            18.64345972168205
        ],
        [
            32.687914533936556,
            42.494288894117524
        ],
        [
            22.94719157636882,
            43.599663995100755
        ],
        [
            45.57201330429643,
            86.58682527816322
        ],
        [
            40.50228533334776,
            64.80365653335642
        ],
        [
            4.46529403758232,
            5.804882248857016
        ],
        [
            23.34686261448234,
            37.35498018317175
        ],
        [
            38.37988313299657,
            49.89384807289554
        ]
    ],
    "polynomial_gains": {
        "(1, 24)": 48.59947873770018,
        "(24, 23)": 11.426252327634966,
        "(12, 22)": 9.635293772202196,
        "(27, 10)": 23.50218671760758,
        "(16, 22)": 36.68725031473267,
        "(19, 17)": 46.97947206824969,
        "(14, 26)": 10.40723603221942,
        "(4, 15)": 8.012494483346718,
        "(31, 18)": 14.945209750027919,
        "(22, 24)": 18.15307276578002,
        "(22, 14)": 12.958219991588749,
        "(4, 8)": 45.07536150429668,
        "(11, 25)": 27.2980741787087,
        "(18, 16)": 20.557689669514094,
        "(29, 27)": 25.604059278505325,
        "(29, 18)": 22.911267538043127,
        "(26, 12, 31)": 4.52184810544196,
        "(1, 30, 11)": 4.294684024574231,
        "(31, 5, 3)": 31.1004366619713,
        "(22, 18, 4)": 5.2347015365368,
        "(3, 16, 15)": 23.78302646725702,
        "(0, 20, 31)": 20.592986975758084,
        "(14, 0, 4)": 4.855162220074293,
        "(1, 28, 14)": 10.25628382743792,
        "(19, 29, 5, 21)": 11.63162711867238,
        "(28, 4, 31, 13)": 24.871219714405726,
        "(30, 7, 3, 4)": 18.84110022096297,
        "(13, 14, 31, 10)": 4.364541646603998,
        "(12, 15, 2, 3, 26)": 1.493614085424979,
        "(6, 27, 5, 28, 15)": 8.951138077468123,
        "(19, 31, 15, 17, 4, 29)": 7.17762137188673
    },
    "gamma": 2,
    "budget": 203.44976353732994
}