{
    "n_items": 36,
    "profits": [
        92.90785463935278,
        75.1207323393835,
        64.25520369856332,
        97.86697600676096,
        67.15909761398633,
        49.68948541244025,
        72.96828057082081,
        99.92848051420603,
        85.85931086899151,
        82.50899328232765,
        78.29633336429194,
        75.41637145443937,
        55.71085149810333,
        58.0428159983206,
        65.39642792715502,
        92.58847611005157,
        56.184253177891776,
        55.19898752182486,
        41.615392130121435,
        40.16270860941385,
        95.22675231725323,
        79.55862464688113,
        53.89569124121605,
        70.95247567325285,
        64.97334703963894,
        58.66063474237586,
        97.84127376273119,
        75.8314452255332,
        65.75494446035547,
        74.20313771197732,
        78.02696957715172,
        77.87812855246068,
        69.4031927254587,
        89.72918896666675,
        68.22355591179985,
        72.97719201392621
    ],
    "costs": [
        [
            47.2970720333334,
            75.67531525333344
        ],
        [
            26.641491770118026,
            34.63393930115343
        ],
        [
            5.810653054985649,
            11.040240804472733
        ],
        [
            3.2871125298316324,
            4.273246288781122
        ],
        [
            8.671998873909345,
            11.27359853608215
        ],
        [
            26.226359495601077,
            49.83008304164204
        ],
        [
            4.6762907170133845,
            8.88495236232543
        ],
        [
            27.613812311379835,
            52.46624339162168
        ],
        [
            17.732899119100015,
            33.692508326290024
        ],
        [
            7.23766095125754,
            13.751555807389327
        ],
        [
            2.4738369932845816,
            3.9581391892553306
        ],
        [
            17.10573260119131,
            22.237452381548703
        ],
        [
            1.697950624682584,
            2.7167209994921344
        ],
        [
            13.195974755762046,
            17.154767182490662
        ],
        [
            14.886925453714284,
            19.35300308982857
        ],
        [
            9.25726218405688,
            14.81161949449101
        ],
        [
            34.22552243462903,
            65.02849262579515
        ],
        [
            31.12595642840626,
            59.139317213971886
        ],
        [
            47.118742109398944,
            61.25436474221863
        ],
        [
            4.099060415312122,
            5.328778539905759
        ],
        [
            17.197848111379734,
            27.516556978207575
        ],
        [
            48.7229358379263,
            63.33981658930419
        ],
        [
            8.752355622507867,
            16.629475682764948
        ],
        [
            31.443879592643054,
            50.310207348228886
        ],
        [
            47.683379817280986,
            76.29340770764958
        ],
        [
            47.37638042581881,
            61.58929455356445
        ],
        [
            10.05430439342048,
            13.070595711446625
        ],
        [
            30.66237922454461,
            58.258520526634754
        ],
        [
            14.83204196014621,
            28.180879724277798
        ],
        [
            11.205590056776623,
            17.9289440908426
        ],
        [
            10.944965635983728,
            14.228455326778846
        ],
        [
            32.880624459868,
            52.60899913578881
        ],
        [
            45.900459294193965,
            59.670597082452154
        ],
        [
            3.126040035477626,
            5.9394760674074885
        ],
        [
            43.45395266542702,
            82.56251006431133
        ],
        [
            45.27747669788864,
            86.02720572598841
        ]
    ],
    "polynomial_gains": {
        "(12, 18)": 42.71891891163595,
        "(8, 22)": 9.349800224894162,
        "(20, 18)": 17.272911960147372,
        "(20, 10)": 24.178468845112732,
        "(34, 24)": 26.614817195257157,
        "(10, 17)": 1.84014385046896,
        "(24, 31)": 24.25517715087544,
        "(18, 3)": 26.773112982902884,
        "(13, 32)": 7.888401979391784,
        "(19, 33)": 39.97514544238789,
        "(21, 12)": 23.743748521078643,
        "(34, 16)": 36.47390487564437,
        "(30, 20)": 41.581660618670895,
        "(3, 26)": 27.7215511682234,
        "(10, 11)": 7.955411728626795,
        "(31, 11)": 7.9124502542680135,
        "(2, 7)": 4.423698905089987,
        "(22, 28)": 40.67321335311712,
        "(30, 0, 1)": 11.568655094134224,
        "(13, 6, 4)": 3.416732400671768,
        "(22, 14, 34)": 24.431392637722723,
        "(18, 4, 25)": 5.266625004167922,
        "(2, 30, 5)": 3.33774872662864,
        "(19, 22, 13)": 5.252939582712533,
        "(34, 20, 32)": 14.630068523971381,
        "(25, 4, 22)": 20.017578323808483,
        "(28, 3, 14)": 27.95449168023873,
        "(11, 27, 0, 24)": 11.804966655599596,
        "(5, 25, 31, 20)": 10.478803552550591,
        "(10, 3, 34, 22)": 4.594633483751105,
        "(10, 17, 14, 8)": 8.424100062579416,
        "(9, 28, 30, 14, 3)": 19.597760975487923,
        "(28, 10, 27, 26, 32)": 6.253081780231347,
        "(17, 25, 16, 1, 13, 32)": 3.2708956422090694
    },
    "gamma": 6,
    "budget": 199.97423217206293
}