{
    "n_items": 10,
    "Gamma": 2,
    "knapsack_size": 58.92917428602506,
    "profits": [
        [
            84.56389850146472,
            92.2012431533916,
            54.42445724475934,
            61.930247909960045,
            66.1091879744149,
            55.843024843232214,
            98.81806320786286,
            96.65569104526517,
            99.29459485695259,
            71.51153226999263
        ]
    ],
    "costs": [
        [
            38.086743066139505,
            72.36481182566506
        ],
        [
            34.24462295793753,
            54.79139673270005
        ],
        [
            16.4992564605883,
            31.348587275117765
        ],
        [
            2.089410558906825,
            3.34305689425092
        ],
        [
            32.697375132889235,
            42.506587672756005
        ],
        [
            8.494855697306807,
            13.591769115690893
        ],
        [
            4.576975786787875,
            7.3231612588606
        ],
        [
            37.806304164523034,
            49.14819541387995
        ],
        [
            27.47396553714233,
            52.20053452057043
        ],
        [
            33.7471877818788,
            43.871344116442444
        ]
    ],
    "polynomial_gains": {
        "(2, 6)": 34.5062158393981,
        "(0, 5)": 14.91574192826924,
        "(1, 4)": 13.550889524689634,
        "(4, 7)": 34.02819050627823,
        "(5, 2)": 20.406520596186944,
        "(6, 1, 4)": 9.017813976004206,
        "(5, 2, 6)": 21.276275170125047,
        "(6, 3, 0, 5)": 13.439899583907458
    }
}